# Rubin throughput components, fractional (0-1), 300-1100 nm on a 1 nm grid.
# Source: github.com/lsst-pst/syseng_throughputs @ 00570b3d391b5a8671d55341ed51b5e534dab6b4 (release 1.9, triple-silver mirrors)
# Built by tools/make_throughputs_extract.py, replicating syseng buildHardwareAndSystem(addLosses=True).
# mirrors = M1*M2*M3 (with losses); lenses = L1*L2*L3 (glass x BBAR x losses);
# detector = joint-minimum QE x losses; filter_<b> = response x losses.
# atmos_X1.0 = atmos_10_aerosol.dat; atmos_X1.2 = pachonModtranAtm_12_aerosol.dat.
# hardware_b = mirrors*lenses*detector*filter_b ; system_b = hardware_b*atmos.
wavelength_nm,mirrors,lenses,detector,filter_u,filter_g,filter_r,filter_i,filter_z,filter_y,atmos_X1.0,atmos_X1.2
300,0.000997164,0,0,0,0,0,0,0,0,0.0155192,0.00641033
301,0.00102283,0.114149,0,0,9.88446e-05,0.00024813,9.88446e-05,9.88446e-05,9.88446e-05,0.0239816,0.0119084
302,0.000816458,0.904669,0,0,9.88446e-05,0.000398591,9.88446e-05,9.88446e-05,9.88446e-05,0.0341215,0.0174096
303,0.000724857,0.742556,0,0,9.88446e-05,0.000488411,9.88446e-05,9.88446e-05,9.88446e-05,0.0488232,0.0265802
304,0.000487163,0.74404,0,0.00267325,9.88446e-05,0.0005783,9.88446e-05,9.88446e-05,9.88446e-05,0.0623226,0.0357561
305,0.000530749,0.746295,0,0.0091963,9.88446e-05,0.000517293,9.88446e-05,9.88446e-05,9.88446e-05,0.0831786,0.0504396
306,0.000426283,0.749015,0,0.0230931,9.88446e-05,0.000456296,9.88446e-05,9.88446e-05,9.88446e-05,0.100787,0.064214
307,0.000347198,0.752557,0,0.0372595,9.88446e-05,0.000400686,9.88446e-05,9.88446e-05,9.88446e-05,0.123803,0.0816664
308,0.000208715,0.756087,0,0.0734949,9.88446e-05,0.000345096,9.88446e-05,9.88446e-05,9.88446e-05,0.14748,0.100964
309,0.000176185,0.760298,0,0.104429,9.88446e-05,0.000311973,9.88446e-05,9.88446e-05,9.88446e-05,0.166513,0.1166
310,0.000112581,0.764515,0,0.140943,9.88446e-05,0.00027888,9.88446e-05,9.88446e-05,9.88446e-05,0.197104,0.142346
311,0.000108971,0.769317,0,0.17284,9.88446e-05,0.000256749,9.88446e-05,9.88446e-05,9.88446e-05,0.214851,0.158002
312,3.20337e-05,0.774142,0,0.212358,9.88446e-05,0.000234558,9.88446e-05,9.88446e-05,9.88446e-05,0.240621,0.181017
313,3.38291e-05,0.779444,0,0.238621,9.88446e-05,0.000218743,9.88446e-05,9.88446e-05,9.88446e-05,0.265469,0.204043
314,1.63882e-05,0.784793,0,0.266614,9.88446e-05,0.000202948,9.88446e-05,9.88446e-05,9.88446e-05,0.282031,0.218808
315,3.12797e-06,0.790289,0,0.287816,9.88446e-05,0.000190948,9.88446e-05,9.88446e-05,9.88446e-05,0.310443,0.245535
316,2.82518e-06,0.79529,0,0.315294,9.88446e-05,0.000179008,9.88446e-05,9.88446e-05,9.88446e-05,0.322731,0.257558
317,1.35279e-06,0.800256,0,0.347202,9.88446e-05,0.000168757,9.88446e-05,9.88446e-05,9.88446e-05,0.346592,0.280628
318,7.33373e-08,0.805246,0,0.379692,9.88446e-05,0.000158448,9.88446e-05,9.88446e-05,9.88446e-05,0.357679,0.291746
319,1.4686e-06,0.810175,0,0.42603,9.88446e-05,0.000148336,9.88446e-05,9.88446e-05,9.88446e-05,0.387717,0.32128
320,4.75847e-06,0.815227,2.12326e-12,0.482026,9.88446e-05,0.000138284,9.88446e-05,9.88446e-05,9.88446e-05,0.386961,0.320442
321,1.8821e-05,0.820404,0.466035,0.534295,9.88446e-05,0.000130949,9.88446e-05,9.88446e-05,9.88446e-05,0.419725,0.352761
322,0.00011068,0.825702,0.475003,0.588728,9.88446e-05,0.000123526,9.88446e-05,9.88446e-05,9.88446e-05,0.418787,0.35193
323,0.000360571,0.830621,0.483734,0.636816,9.88446e-05,0.000116548,9.88446e-05,9.88446e-05,9.88446e-05,0.430086,0.363078
324,0.00105186,0.83555,0.486844,0.676018,9.88446e-05,0.00010948,9.88446e-05,9.88446e-05,9.88446e-05,0.458207,0.391744
325,0.00277343,0.839886,0.48974,0.704268,9.88446e-05,0.000106634,9.88446e-05,9.88446e-05,9.88446e-05,0.448303,0.3817
326,0.00608644,0.844046,0.492772,0.728435,9.88446e-05,0.000103826,9.88446e-05,9.88446e-05,9.88446e-05,0.46868,0.403006
327,0.0105012,0.847523,0.495892,0.745516,9.88446e-05,0.000105734,9.88446e-05,9.88446e-05,9.88446e-05,0.482613,0.416942
328,0.0190038,0.851016,0.4992,0.760738,9.88446e-05,0.000107592,9.88446e-05,9.88446e-05,9.88446e-05,0.475231,0.409664
329,0.0293156,0.853774,0.502745,0.773429,9.88446e-05,0.000108116,9.88446e-05,9.88446e-05,9.88446e-05,0.497308,0.432836
330,0.0439186,0.856592,0.506376,0.782395,9.88446e-05,0.00010867,9.88446e-05,9.88446e-05,9.88446e-05,0.504706,0.440326
331,0.0631234,0.858835,0.510145,0.78881,9.88446e-05,0.000101128,9.88446e-05,9.88446e-05,9.88446e-05,0.500036,0.435816
332,0.0794025,0.861148,0.514001,0.79219,9.88446e-05,9.35762e-05,9.88446e-05,9.88446e-05,9.88446e-05,0.515391,0.451621
333,0.103009,0.862671,0.518043,0.793119,9.88446e-05,8.42482e-05,9.88446e-05,9.88446e-05,9.88446e-05,0.523169,0.460043
334,0.125864,0.864153,0.522223,0.793732,9.88446e-05,7.48698e-05,9.88446e-05,9.88446e-05,9.88446e-05,0.521306,0.457381
335,0.147366,0.865113,0.526489,0.797221,9.88446e-05,6.72618e-05,9.88446e-05,9.88446e-05,9.88446e-05,0.534051,0.471352
336,0.168488,0.866804,0.530895,0.801867,9.88446e-05,5.96468e-05,9.88446e-05,9.88446e-05,9.88446e-05,0.54015,0.477933
337,0.192914,0.868059,0.535388,0.808035,9.88446e-05,5.50268e-05,9.88446e-05,9.88446e-05,9.88446e-05,0.538849,0.476196
338,0.214062,0.86928,0.539966,0.815231,9.88446e-05,5.0392e-05,9.88446e-05,9.88446e-05,9.88446e-05,0.544856,0.48278
339,0.235024,0.869942,0.544587,0.819669,9.88446e-05,4.73693e-05,9.88446e-05,9.88446e-05,9.88446e-05,0.553302,0.491217
340,0.259281,0.870522,0.549295,0.823613,9.88446e-05,4.43387e-05,9.88446e-05,9.88446e-05,9.88446e-05,0.555001,0.49318
341,0.274092,0.870417,0.554146,0.827517,9.88446e-05,4.32366e-05,9.88446e-05,9.88446e-05,9.88446e-05,0.5597,0.498845
342,0.293938,0.87026,0.559084,0.830463,9.88446e-05,4.21345e-05,9.88446e-05,9.88446e-05,9.88446e-05,0.565807,0.504513
343,0.312134,0.869708,0.564011,0.831738,9.88446e-05,4.072e-05,9.88446e-05,9.88446e-05,9.88446e-05,0.569289,0.50833
344,0.324458,0.86917,0.569024,0.834387,9.88446e-05,3.93105e-05,9.88446e-05,9.88446e-05,9.88446e-05,0.570615,0.510296
345,0.33398,0.8682,0.573987,0.837491,9.88446e-05,3.79277e-05,9.88446e-05,9.88446e-05,9.88446e-05,0.575693,0.515967
346,0.347889,0.866872,0.579135,0.841563,9.88446e-05,3.65517e-05,9.88446e-05,9.88446e-05,9.88446e-05,0.580585,0.520714
347,0.359012,0.865198,0.584236,0.843579,9.88446e-05,3.55949e-05,9.88446e-05,9.88446e-05,9.88446e-05,0.584258,0.524536
348,0.376464,0.863545,0.589424,0.846218,9.88446e-05,3.4644e-05,9.88446e-05,9.88446e-05,9.88446e-05,0.587556,0.528358
349,0.385765,0.861829,0.594603,0.847306,9.88446e-05,3.38276e-05,9.88446e-05,9.88446e-05,9.88446e-05,0.591606,0.533109
350,0.397461,0.859921,0.599773,0.847869,9.88446e-05,3.3022e-05,9.88446e-05,9.88446e-05,9.88446e-05,0.595093,0.536933
351,0.407571,0.857553,0.604996,0.849451,9.88446e-05,3.30586e-05,9.88446e-05,9.88446e-05,9.88446e-05,0.598206,0.539831
352,0.414898,0.855011,0.610211,0.849085,9.88446e-05,3.3105e-05,9.88446e-05,9.88446e-05,9.88446e-05,0.60113,0.54273
353,0.419237,0.852554,0.615481,0.848788,9.88446e-05,3.32108e-05,9.88446e-05,9.88446e-05,9.88446e-05,0.604995,0.547485
354,0.428921,0.850082,0.620646,0.847464,9.88446e-05,3.33185e-05,9.88446e-05,9.88446e-05,9.88446e-05,0.608203,0.550385
355,0.434244,0.847777,0.625902,0.848531,9.88446e-05,3.64638e-05,9.88446e-05,9.88446e-05,9.88446e-05,0.611411,0.554214
356,0.439545,0.845673,0.631054,0.847988,9.88446e-05,3.96159e-05,9.88446e-05,9.88446e-05,9.88446e-05,0.614714,0.558044
357,0.448102,0.84376,0.636265,0.845922,9.88446e-05,4.21325e-05,9.88446e-05,9.88446e-05,9.88446e-05,0.617547,0.560946
358,0.45272,0.841848,0.641372,0.841929,9.88446e-05,4.4656e-05,9.88446e-05,9.88446e-05,9.88446e-05,0.62085,0.564778
359,0.456751,0.840112,0.646475,0.839013,9.88446e-05,4.51572e-05,9.88446e-05,9.88446e-05,9.88446e-05,0.624155,0.567681
360,0.462573,0.838435,0.651474,0.838252,9.88446e-05,4.56662e-05,9.88446e-05,9.88446e-05,9.88446e-05,0.627083,0.571514
361,0.466099,0.837152,0.656536,0.837649,9.88446e-05,3.91395e-05,9.88446e-05,9.88446e-05,9.88446e-05,0.630106,0.574419
362,0.472022,0.835926,0.661497,0.838093,9.88446e-05,3.26167e-05,9.88446e-05,9.88446e-05,9.88446e-05,0.633129,0.578253
363,0.476887,0.834932,0.666453,0.84095,9.88446e-05,3.02801e-05,9.88446e-05,9.88446e-05,9.88446e-05,0.636153,0.581159
364,0.482512,0.833927,0.671377,0.842858,9.88446e-05,2.79503e-05,9.88446e-05,9.88446e-05,9.88446e-05,0.639177,0.584065
365,0.48537,0.833243,0.676105,0.845685,9.88446e-05,2.90534e-05,9.88446e-05,9.88446e-05,9.88446e-05,0.641825,0.587902
366,0.492188,0.832552,0.680927,0.847592,9.88446e-05,3.01565e-05,9.88446e-05,9.88446e-05,9.88446e-05,0.644944,0.59081
367,0.495576,0.832174,0.685551,0.848047,9.88446e-05,2.85404e-05,9.88446e-05,9.88446e-05,9.88446e-05,0.647875,0.593718
368,0.502468,0.831791,0.690148,0.847177,9.88446e-05,2.69154e-05,9.88446e-05,9.88446e-05,9.88446e-05,0.650618,0.597557
369,0.506013,0.831686,0.694646,0.847088,9.88446e-05,2.815e-05,9.88446e-05,9.88446e-05,9.88446e-05,0.65355,0.600466
370,0.508619,0.831464,0.699045,0.84606,9.88446e-05,2.93786e-05,9.88446e-05,9.88446e-05,9.88446e-05,0.656294,0.603375
371,0.511548,0.831141,0.703346,0.845299,9.88446e-05,3.45126e-05,9.88446e-05,9.88446e-05,9.88446e-05,0.659038,0.606285
372,0.519017,0.8307,0.707621,0.846317,9.88446e-05,3.96377e-05,9.88446e-05,9.88446e-05,9.88446e-05,0.661593,0.609196
373,0.52454,0.830504,0.711703,0.849125,9.88446e-05,3.84565e-05,9.88446e-05,9.88446e-05,9.88446e-05,0.664432,0.612107
374,0.529181,0.830283,0.715783,0.850479,9.88446e-05,3.72881e-05,9.88446e-05,9.88446e-05,9.88446e-05,0.667177,0.615018
375,0.531267,0.830392,0.71967,0.853543,9.88446e-05,3.15344e-05,9.88446e-05,9.88446e-05,9.88446e-05,0.669734,0.61793
376,0.535645,0.830847,0.723534,0.854541,9.88446e-05,2.57797e-05,9.88446e-05,9.88446e-05,9.88446e-05,0.672196,0.620842
377,0.541571,0.831608,0.727398,0.853345,9.88446e-05,2.32759e-05,9.88446e-05,9.88446e-05,9.88446e-05,0.674942,0.623755
378,0.546639,0.832353,0.731069,0.850528,9.88446e-05,2.07771e-05,9.88446e-05,9.88446e-05,9.88446e-05,0.677687,0.626668
379,0.550486,0.833256,0.734643,0.84435,9.88446e-05,2.08987e-05,9.88446e-05,9.88446e-05,9.88446e-05,0.680151,0.629582
380,0.55433,0.834151,0.738121,0.834179,9.88446e-05,2.10124e-05,9.88446e-05,9.88446e-05,9.88446e-05,0.682425,0.632496
381,0.559711,0.835178,0.741675,0.819649,9.88446e-05,2.33234e-05,9.88446e-05,9.88446e-05,9.88446e-05,0.685077,0.63541
382,0.563913,0.836215,0.745037,0.802114,9.88446e-05,2.56255e-05,9.88446e-05,9.88446e-05,9.88446e-05,0.687635,0.638325
383,0.568214,0.837357,0.748303,0.782385,9.88446e-05,3.07674e-05,9.88446e-05,9.88446e-05,9.88446e-05,0.690099,0.641241
384,0.573805,0.838496,0.751569,0.760491,9.88446e-05,3.59073e-05,9.88446e-05,9.88446e-05,9.88446e-05,0.692374,0.643223
385,0.579232,0.839662,0.754721,0.733496,9.88446e-05,4.16165e-05,9.88446e-05,9.88446e-05,9.88446e-05,0.694744,0.646139
386,0.583732,0.840649,0.757796,0.705118,0.00816723,4.73307e-05,9.88446e-05,9.88446e-05,9.88446e-05,0.697303,0.649055
387,0.587753,0.841629,0.760757,0.668743,0.00932213,4.04106e-05,9.88446e-05,9.88446e-05,9.88446e-05,0.699579,0.651038
388,0.594791,0.84262,0.763719,0.634276,0.00917159,3.34885e-05,9.88446e-05,9.88446e-05,9.88446e-05,0.701949,0.653955
389,0.599411,0.843629,0.766585,0.595301,0.0170734,2.7035e-05,9.88446e-05,9.88446e-05,9.88446e-05,0.70413,0.656873
390,0.60385,0.84469,0.769436,0.557019,0.0226038,2.05785e-05,9.88446e-05,9.88446e-05,9.88446e-05,0.706501,0.658856
391,0.609509,0.845967,0.772111,0.514921,0.0394538,1.71644e-05,9.88446e-05,9.88446e-05,9.88446e-05,0.708682,0.661775
392,0.612966,0.847287,0.774867,0.470411,0.059713,1.37513e-05,9.88446e-05,9.88446e-05,9.88446e-05,0.710958,0.663758
393,0.61766,0.848595,0.777432,0.428926,0.0892972,1.33312e-05,9.88446e-05,9.88446e-05,9.88446e-05,0.713329,0.666677
394,0.623195,0.849904,0.779997,0.389764,0.130771,1.29101e-05,9.88446e-05,9.88446e-05,9.88446e-05,0.715606,0.669596
395,0.627226,0.851253,0.782468,0.347547,0.183376,1.2665e-05,9.88446e-05,9.88446e-05,9.88446e-05,0.717599,0.671581
396,0.630365,0.852772,0.784939,0.304995,0.243128,1.24228e-05,9.88446e-05,9.88446e-05,9.88446e-05,0.719781,0.673565
397,0.63636,0.854297,0.787218,0.253961,0.315146,1.21144e-05,9.88446e-05,9.88446e-05,9.88446e-05,0.722057,0.676485
398,0.641328,0.855565,0.78958,0.19937,0.394469,1.1805e-05,9.88446e-05,9.88446e-05,9.88446e-05,0.723861,0.67847
399,0.645587,0.856546,0.791846,0.14119,0.482164,1.14709e-05,9.88446e-05,9.88446e-05,9.88446e-05,0.726138,0.681391
400,0.650125,0.857466,0.794033,0.0891845,0.569839,1.11408e-05,9.88446e-05,9.88446e-05,9.88446e-05,0.728036,0.683376
401,0.653752,0.858344,0.796205,0.0502407,0.652434,1.02976e-05,9.88446e-05,9.88446e-05,9.88446e-05,0.730124,0.685361
402,0.657784,0.859241,0.798282,0.0238275,0.72888,9.45439e-06,9.88446e-05,9.88446e-05,9.88446e-05,0.732401,0.688282
403,0.66166,0.860085,0.80036,0.00786941,0.794048,1.11942e-05,9.88446e-05,9.88446e-05,9.88446e-05,0.734489,0.690268
404,0.665732,0.860912,0.802424,0.00160365,0.841098,1.29358e-05,9.88446e-05,9.88446e-05,9.88446e-05,0.736293,0.692253
405,0.669527,0.861687,0.804311,0.00102808,0.876712,1.23852e-05,9.88446e-05,9.88446e-05,9.88446e-05,0.738192,0.695175
406,0.672303,0.862463,0.806199,0,0.896847,1.18406e-05,9.88446e-05,9.88446e-05,9.88446e-05,0.740374,0.697161
407,0.676322,0.863168,0.808171,0,0.913522,1.13612e-05,9.88446e-05,9.88446e-05,9.88446e-05,0.742462,0.699147
408,0.678493,0.863882,0.809867,0.00217122,0.922447,1.08828e-05,9.88446e-05,9.88446e-05,9.88446e-05,0.743982,0.701133
409,0.68255,0.864516,0.811744,0.00156441,0.927627,1.20432e-05,9.88446e-05,9.88446e-05,9.88446e-05,0.745786,0.703119
410,0.685828,0.865169,0.813428,0,0.928714,1.32027e-05,9.88446e-05,9.88446e-05,9.88446e-05,0.747684,0.705105
411,0.689364,0.865733,0.815211,0,0.92822,1.36485e-05,9.88446e-05,9.88446e-05,9.88446e-05,0.749583,0.708028
412,0.692061,0.866305,0.8168,0,0.925512,1.40943e-05,9.88446e-05,9.88446e-05,9.88446e-05,0.751671,0.710015
413,0.695302,0.866816,0.818488,0,0.924138,1.35882e-05,9.88446e-05,9.88446e-05,9.88446e-05,0.753096,0.712001
414,0.697834,0.867336,0.82008,0,0.924237,1.30841e-05,9.88446e-05,9.88446e-05,9.88446e-05,0.754994,0.713987
415,0.701127,0.867775,0.821575,0,0.925531,1.28854e-05,9.88446e-05,9.88446e-05,9.88446e-05,0.757083,0.715974
416,0.703555,0.868223,0.823071,0,0.92905,1.26916e-05,9.88446e-05,9.88446e-05,9.88446e-05,0.759076,0.71796
417,0.706381,0.8686,0.824568,0,0.932638,1.23862e-05,9.88446e-05,9.88446e-05,9.88446e-05,0.76069,0.719947
418,0.708571,0.868986,0.825969,0,0.936276,1.20838e-05,9.88446e-05,9.88446e-05,9.88446e-05,0.762304,0.721934
419,0.710513,0.869309,0.82737,0,0.940664,1.61581e-05,9.88446e-05,9.88446e-05,9.88446e-05,0.764013,0.72392
420,0.713256,0.869641,0.828857,0,0.945221,2.02335e-05,9.88446e-05,9.88446e-05,9.88446e-05,0.765532,0.725907
421,0.715552,0.869901,0.830163,0,0.950292,3.3535e-05,9.88446e-05,9.88446e-05,9.88446e-05,0.767241,0.727894
422,0.717576,0.870179,0.831469,0,0.952022,4.68227e-05,9.88446e-05,9.88446e-05,9.88446e-05,0.768854,0.729881
423,0.719056,0.870395,0.832678,0,0.953781,7.99781e-05,9.88446e-05,9.88446e-05,9.88446e-05,0.770563,0.731868
424,0.721595,0.87061,0.834071,0.00027721,0.952565,0.000113197,9.88446e-05,9.88446e-05,9.88446e-05,0.771892,0.732915
425,0.723793,0.870771,0.835282,0,0.951043,0.000166929,9.88446e-05,9.88446e-05,9.88446e-05,0.7736,0.734902
426,0.726316,0.870942,0.836395,9.88446e-05,0.950618,0.00022072,9.88446e-05,9.88446e-05,9.88446e-05,0.775594,0.736889
427,0.72778,0.871058,0.837692,9.88446e-05,0.951488,0.000224357,9.88446e-05,9.88446e-05,9.88446e-05,0.776922,0.738876
428,0.73027,0.871174,0.838807,9.88446e-05,0.950401,0.000228114,9.88446e-05,9.88446e-05,9.88446e-05,0.778345,0.739923
429,0.732235,0.871264,0.839923,9.88446e-05,0.948829,0.000179017,9.88446e-05,9.88446e-05,9.88446e-05,0.780339,0.74285
430,0.733683,0.871353,0.841026,9.88446e-05,0.947673,0.000129921,9.88446e-05,9.88446e-05,9.88446e-05,0.781762,0.743897
431,0.735709,0.871388,0.842143,9.88446e-05,0.948295,9.55363e-05,9.88446e-05,9.88446e-05,9.88446e-05,0.782995,0.745884
432,0.736675,0.871432,0.843063,9.88446e-05,0.948523,6.11245e-05,9.88446e-05,9.88446e-05,9.88446e-05,0.784798,0.747871
433,0.738646,0.871432,0.844168,9.88446e-05,0.948661,4.85683e-05,9.88446e-05,9.88446e-05,9.88446e-05,0.786221,0.748918
434,0.739867,0.871468,0.845188,9.88446e-05,0.949847,3.60111e-05,9.88446e-05,9.88446e-05,9.88446e-05,0.787454,0.750905
435,0.742015,0.871387,0.84611,9.88446e-05,0.951083,2.89961e-05,9.88446e-05,9.88446e-05,9.88446e-05,0.788591,0.751951
436,0.743736,0.871137,0.847032,9.88446e-05,0.951172,2.19821e-05,9.88446e-05,9.88446e-05,9.88446e-05,0.790299,0.753938
437,0.744765,0.870797,0.847857,9.88446e-05,0.951033,1.92757e-05,9.88446e-05,9.88446e-05,9.88446e-05,0.792197,0.755925
438,0.746307,0.870461,0.848866,9.88446e-05,0.951705,1.65614e-05,9.88446e-05,9.88446e-05,9.88446e-05,0.793715,0.757913
439,0.747893,0.870087,0.849691,9.88446e-05,0.951824,1.36939e-05,9.88446e-05,9.88446e-05,9.88446e-05,0.794281,0.758958
440,0.749131,0.869783,0.850516,9.88446e-05,0.951607,1.08274e-05,9.88446e-05,9.88446e-05,9.88446e-05,0.795703,0.760004
441,0.750412,0.869639,0.851342,9.88446e-05,0.95304,1.04835e-05,9.88446e-05,9.88446e-05,9.88446e-05,0.797601,0.761991
442,0.751282,0.869568,0.852069,9.88446e-05,0.952892,1.01405e-05,9.88446e-05,9.88446e-05,9.88446e-05,0.799023,0.763978
443,0.752952,0.86946,0.852796,9.88446e-05,0.952486,1.12455e-05,9.88446e-05,9.88446e-05,9.88446e-05,0.800065,0.765024
444,0.753523,0.869353,0.853437,9.88446e-05,0.951962,1.23477e-05,9.88446e-05,9.88446e-05,9.88446e-05,0.801296,0.767011
445,0.755238,0.869236,0.854165,9.88446e-05,0.950065,1.31513e-05,9.88446e-05,9.88446e-05,9.88446e-05,0.802052,0.767113
446,0.756652,0.869119,0.854893,9.88446e-05,0.948592,1.39569e-05,9.88446e-05,9.88446e-05,9.88446e-05,0.803854,0.7691
447,0.757607,0.868985,0.855522,9.88446e-05,0.947139,1.4115e-05,9.88446e-05,9.88446e-05,9.88446e-05,0.805561,0.771088
448,0.758794,0.868851,0.856066,9.88446e-05,0.947969,1.42781e-05,9.88446e-05,9.88446e-05,9.88446e-05,0.806316,0.772132
449,0.759686,0.868717,0.856695,9.88446e-05,0.950114,1.88981e-05,9.88446e-05,9.88446e-05,9.88446e-05,0.807547,0.774119
450,0.760668,0.868516,0.857238,9.88446e-05,0.95218,2.35141e-05,9.88446e-05,9.88446e-05,9.88446e-05,0.809349,0.776106
451,0.762466,0.868133,0.857868,9.88446e-05,0.954315,2.29053e-05,9.88446e-05,9.88446e-05,9.88446e-05,0.810484,0.77715
452,0.763217,0.86769,0.858312,9.88446e-05,0.956213,2.22865e-05,9.88446e-05,9.88446e-05,9.88446e-05,0.811714,0.778194
453,0.764627,0.867259,0.858943,9.88446e-05,0.957211,1.89989e-05,9.88446e-05,9.88446e-05,9.88446e-05,0.81285,0.780181
454,0.765637,0.866803,0.859387,9.88446e-05,0.958051,1.57123e-05,9.88446e-05,9.88446e-05,9.88446e-05,0.81427,0.781225
455,0.766318,0.866407,0.859732,9.88446e-05,0.960404,1.33648e-05,9.88446e-05,9.88446e-05,9.88446e-05,0.815405,0.783212
456,0.76745,0.866197,0.860176,9.88446e-05,0.961244,1.10182e-05,9.88446e-05,9.88446e-05,9.88446e-05,0.816444,0.784256
457,0.768438,0.866047,0.860621,9.88446e-05,0.962756,1.02571e-05,9.88446e-05,9.88446e-05,9.88446e-05,0.817674,0.785299
458,0.769411,0.865896,0.860966,9.88446e-05,0.962608,9.49165e-06,9.88446e-05,9.88446e-05,9.88446e-05,0.818332,0.786342
459,0.770563,0.865737,0.86131,9.88446e-05,0.962648,9.95069e-06,9.88446e-05,9.88446e-05,9.88446e-05,0.81918,0.787385
460,0.771191,0.865516,0.861755,9.88446e-05,0.962529,1.04073e-05,9.88446e-05,9.88446e-05,9.88446e-05,0.820314,0.788427
461,0.772336,0.865109,0.8621,9.88446e-05,0.963942,1.34784e-05,9.88446e-05,9.88446e-05,9.88446e-05,0.821162,0.78947
462,0.77265,0.864657,0.862259,9.88446e-05,0.962736,1.65377e-05,9.88446e-05,9.88446e-05,9.88446e-05,0.822391,0.790512
463,0.773207,0.8642,0.862603,9.88446e-05,0.962529,2.49632e-05,9.88446e-05,9.88446e-05,9.88446e-05,0.823525,0.792499
464,0.774759,0.863724,0.862948,9.88446e-05,0.963587,3.33887e-05,9.88446e-05,9.88446e-05,9.88446e-05,0.824277,0.793541
465,0.775851,0.863317,0.863107,9.88446e-05,0.962549,4.80029e-05,9.88446e-05,9.88446e-05,9.88446e-05,0.825887,0.794583
466,0.776312,0.863097,0.863265,9.88446e-05,0.962717,6.26151e-05,9.88446e-05,9.88446e-05,9.88446e-05,0.827497,0.79657
467,0.777243,0.862931,0.86361,9.88446e-05,0.96246,6.9381e-05,9.88446e-05,9.88446e-05,9.88446e-05,0.828439,0.797611
468,0.778094,0.862763,0.863768,9.88446e-05,0.962381,7.61588e-05,9.88446e-05,9.88446e-05,9.88446e-05,0.829095,0.798653
469,0.779027,0.862587,0.863926,9.88446e-05,0.962074,6.54915e-05,9.88446e-05,9.88446e-05,9.88446e-05,0.830228,0.799694
470,0.77958,0.86242,0.864085,9.88446e-05,0.960671,5.48232e-05,9.88446e-05,9.88446e-05,9.88446e-05,0.831265,0.800735
471,0.780482,0.862244,0.864142,9.88446e-05,0.959969,4.12706e-05,9.88446e-05,9.88446e-05,9.88446e-05,0.832302,0.802722
472,0.781196,0.862077,0.8643,9.88446e-05,0.960868,2.7721e-05,9.88446e-05,9.88446e-05,9.88446e-05,0.833339,0.803763
473,0.782051,0.861901,0.864458,9.88446e-05,0.960246,2.02631e-05,9.88446e-05,9.88446e-05,9.88446e-05,0.83428,0.804804
474,0.782564,0.861725,0.864516,9.88446e-05,0.959237,1.27994e-05,9.88446e-05,9.88446e-05,9.88446e-05,0.834934,0.805844
475,0.783363,0.861558,0.864674,9.88446e-05,0.960631,1.0778e-05,9.88446e-05,9.88446e-05,9.88446e-05,0.835589,0.805939
476,0.784415,0.861383,0.864645,9.88446e-05,0.960107,8.75753e-06,9.88446e-05,9.88446e-05,9.88446e-05,0.836529,0.806979
477,0.784806,0.861216,0.864702,9.88446e-05,0.960938,8.31372e-06,9.88446e-05,9.88446e-05,9.88446e-05,0.837279,0.808019
478,0.785597,0.861049,0.86486,9.88446e-05,0.961531,7.86645e-06,9.88446e-05,9.88446e-05,9.88446e-05,0.837837,0.809059
479,0.786276,0.860873,0.864831,9.88446e-05,0.961303,7.78223e-06,9.88446e-05,9.88446e-05,9.88446e-05,0.838204,0.809152
480,0.78684,0.860697,0.864801,9.88446e-05,0.963003,7.70415e-06,9.88446e-05,9.88446e-05,9.88446e-05,0.838571,0.809245
481,0.787453,0.860539,0.864858,9.88446e-05,0.963478,7.29424e-06,9.88446e-05,9.88446e-05,9.88446e-05,0.83932,0.810284
482,0.787895,0.860372,0.864829,9.88446e-05,0.965386,6.88215e-06,9.88446e-05,9.88446e-05,9.88446e-05,0.840068,0.811323
483,0.788705,0.860214,0.8648,9.88446e-05,0.964753,6.7325e-06,9.88446e-05,9.88446e-05,9.88446e-05,0.841199,0.812362
484,0.789534,0.860038,0.86477,9.88446e-05,0.965909,6.58107e-06,9.88446e-05,9.88446e-05,9.88446e-05,0.842329,0.814347
485,0.789935,0.859831,0.864741,9.88446e-05,0.966453,6.86169e-06,9.88446e-05,9.88446e-05,9.88446e-05,0.843363,0.815386
486,0.790476,0.859447,0.86461,9.88446e-05,0.966532,7.14439e-06,9.88446e-05,9.88446e-05,9.88446e-05,0.844398,0.816424
487,0.790845,0.858991,0.86458,9.88446e-05,0.966957,7.45684e-06,9.88446e-05,9.88446e-05,9.88446e-05,0.845528,0.817463
488,0.792045,0.858538,0.864551,9.88446e-05,0.966819,7.77798e-06,9.88446e-05,9.88446e-05,9.88446e-05,0.846275,0.818501
489,0.792513,0.858079,0.864521,9.88446e-05,0.968133,7.93722e-06,9.88446e-05,9.88446e-05,9.88446e-05,0.846449,0.818591
490,0.793055,0.857685,0.864405,9.88446e-05,0.967847,8.10041e-06,9.88446e-05,9.88446e-05,9.88446e-05,0.847387,0.819629
491,0.793697,0.857465,0.864274,9.88446e-05,0.967738,8.5379e-06,9.88446e-05,9.88446e-05,9.88446e-05,0.848421,0.820667
492,0.794025,0.857316,0.864244,9.88446e-05,0.967254,8.97766e-06,9.88446e-05,9.88446e-05,9.88446e-05,0.849263,0.821704
493,0.794587,0.857158,0.864128,9.88446e-05,0.967204,9.19284e-06,9.88446e-05,9.88446e-05,9.88446e-05,0.849914,0.822741
494,0.795179,0.857,0.864098,9.88446e-05,0.967165,9.41663e-06,9.88446e-05,9.88446e-05,9.88446e-05,0.850373,0.823779
495,0.795673,0.856833,0.863982,9.88446e-05,0.967659,9.78156e-06,9.88446e-05,9.88446e-05,9.88446e-05,0.851024,0.823868
496,0.796192,0.856683,0.863765,9.88446e-05,0.966018,1.01474e-05,9.88446e-05,9.88446e-05,9.88446e-05,0.851578,0.824904
497,0.796538,0.856525,0.863735,9.88446e-05,0.965217,1.05655e-05,9.88446e-05,9.88446e-05,9.88446e-05,0.852037,0.824993
498,0.797225,0.856366,0.863618,9.88446e-05,0.963438,1.09767e-05,9.88446e-05,9.88446e-05,9.88446e-05,0.852782,0.826029
499,0.797951,0.856199,0.863502,9.88446e-05,0.963982,1.14442e-05,9.88446e-05,9.88446e-05,9.88446e-05,0.853145,0.826117
500,0.798471,0.856049,0.863386,9.88446e-05,0.963695,1.19137e-05,9.88446e-05,9.88446e-05,9.88446e-05,0.853316,0.827153
501,0.798793,0.855908,0.86327,9.88446e-05,0.962974,1.33331e-05,9.88446e-05,9.88446e-05,9.88446e-05,0.853199,0.826291
502,0.799258,0.85575,0.863153,9.88446e-05,0.96244,1.47575e-05,9.88446e-05,9.88446e-05,9.88446e-05,0.852891,0.826378
503,0.799654,0.855608,0.863037,9.88446e-05,0.963162,1.80619e-05,9.88446e-05,9.88446e-05,9.88446e-05,0.852391,0.825516
504,0.800473,0.855459,0.862921,9.88446e-05,0.961886,2.13633e-05,9.88446e-05,9.88446e-05,9.88446e-05,0.851795,0.824653
505,0.800448,0.855268,0.862804,9.88446e-05,0.962074,2.75134e-05,9.88446e-05,9.88446e-05,9.88446e-05,0.852922,0.826636
506,0.801002,0.854886,0.862688,9.88446e-05,0.962163,3.36655e-05,9.88446e-05,9.88446e-05,9.88446e-05,0.853665,0.826722
507,0.801841,0.854453,0.862486,9.88446e-05,0.961748,4.28946e-05,9.88446e-05,9.88446e-05,9.88446e-05,0.8546,0.828705
508,0.802089,0.854018,0.86247,9.88446e-05,0.961995,5.21227e-05,9.88446e-05,9.88446e-05,9.88446e-05,0.855631,0.82974
509,0.802611,0.85359,0.862354,9.88446e-05,0.961837,5.61279e-05,9.88446e-05,9.88446e-05,9.88446e-05,0.856853,0.830774
510,0.802909,0.853221,0.862253,9.88446e-05,0.961788,6.0143e-05,9.88446e-05,9.88446e-05,9.88446e-05,0.857788,0.831808
511,0.803401,0.853032,0.862136,9.88446e-05,0.961432,5.35253e-05,9.88446e-05,9.88446e-05,9.88446e-05,0.858722,0.832842
512,0.804048,0.852909,0.862035,9.88446e-05,0.961046,4.69037e-05,9.88446e-05,9.88446e-05,9.88446e-05,0.859465,0.833875
513,0.804247,0.852768,0.862019,9.88446e-05,0.961827,3.92789e-05,9.88446e-05,9.88446e-05,9.88446e-05,0.860016,0.834909
514,0.804828,0.852653,0.861817,9.88446e-05,0.961501,3.1651e-05,9.88446e-05,9.88446e-05,9.88446e-05,0.860663,0.834993
515,0.805302,0.852512,0.861802,9.88446e-05,0.961857,2.90672e-05,9.88446e-05,9.88446e-05,9.88446e-05,0.861213,0.836026
516,0.805794,0.85238,0.861802,9.88446e-05,0.962657,2.64834e-05,9.88446e-05,9.88446e-05,9.88446e-05,0.861668,0.836109
517,0.806019,0.852266,0.861701,9.88446e-05,0.962934,2.65586e-05,9.88446e-05,9.88446e-05,9.88446e-05,0.862218,0.837142
518,0.806368,0.852134,0.861685,9.88446e-05,0.963033,2.66337e-05,9.88446e-05,9.88446e-05,9.88446e-05,0.862481,0.837225
519,0.806992,0.852028,0.861584,9.88446e-05,0.963488,0.000381184,9.88446e-05,9.88446e-05,9.88446e-05,0.862743,0.837307
520,0.807435,0.851905,0.861584,9.88446e-05,0.963567,0.000735779,9.88446e-05,9.88446e-05,9.88446e-05,0.863197,0.838339
521,0.807943,0.85179,0.861584,9.88446e-05,0.964348,0.000815142,9.88446e-05,9.88446e-05,9.88446e-05,0.863554,0.838421
522,0.808193,0.851676,0.861483,9.88446e-05,0.964506,0.000872422,9.88446e-05,9.88446e-05,9.88446e-05,0.863816,0.838502
523,0.808668,0.85157,0.861483,9.88446e-05,0.964526,0.000890471,9.88446e-05,9.88446e-05,9.88446e-05,0.86379,0.838583
524,0.809018,0.851464,0.861483,9.88446e-05,0.964427,0.000972206,9.88446e-05,9.88446e-05,9.88446e-05,0.863667,0.838664
525,0.809487,0.851359,0.861483,9.88446e-05,0.964605,0.00101227,9.88446e-05,9.88446e-05,9.88446e-05,0.863449,0.838745
526,0.809462,0.851262,0.861584,9.88446e-05,0.965297,0.00107958,9.88446e-05,9.88446e-05,9.88446e-05,0.86323,0.837874
527,0.809812,0.851174,0.861584,9.88446e-05,0.965079,0.00128972,9.88446e-05,9.88446e-05,9.88446e-05,0.863106,0.837954
528,0.810546,0.851068,0.861685,9.88446e-05,0.966028,0.00149927,9.88446e-05,9.88446e-05,9.88446e-05,0.863079,0.838033
529,0.810791,0.850989,0.861685,9.88446e-05,0.966621,0.00170784,9.88446e-05,9.88446e-05,9.88446e-05,0.863051,0.838112
530,0.811292,0.85091,0.861786,9.88446e-05,0.966226,0.00216371,9.88446e-05,9.88446e-05,9.88446e-05,0.863118,0.838191
531,0.811693,0.85083,0.861887,9.88446e-05,0.967689,0.00258647,9.88446e-05,9.88446e-05,9.88446e-05,0.863186,0.83827
532,0.811768,0.850751,0.861988,9.88446e-05,0.966641,0.00154198,9.88446e-05,9.88446e-05,9.88446e-05,0.863349,0.838348
533,0.811919,0.850681,0.862004,9.88446e-05,0.965465,0.00162105,9.88446e-05,9.88446e-05,9.88446e-05,0.8638,0.838426
534,0.812189,0.850602,0.862105,9.88446e-05,0.963913,0.00596033,9.88446e-05,9.88446e-05,9.88446e-05,0.864347,0.839456
535,0.812799,0.850549,0.862206,9.88446e-05,0.959672,0.0104083,9.88446e-05,9.88446e-05,9.88446e-05,0.864989,0.840485
536,0.8131,0.850479,0.862322,9.88446e-05,0.952536,0.0118317,9.88446e-05,9.88446e-05,9.88446e-05,0.865631,0.841515
537,0.813602,0.850444,0.862423,9.88446e-05,0.94194,0.021647,9.88446e-05,9.88446e-05,9.88446e-05,0.866273,0.841592
538,0.814049,0.850382,0.862625,9.88446e-05,0.928872,0.0302761,9.88446e-05,9.88446e-05,9.88446e-05,0.866531,0.842621
539,0.814451,0.850348,0.862742,9.88446e-05,0.908767,0.0478803,9.88446e-05,9.88446e-05,9.88446e-05,0.866789,0.842697
540,0.814677,0.850243,0.862944,9.88446e-05,0.886092,0.0703576,9.88446e-05,9.88446e-05,9.88446e-05,0.86695,0.842774
541,0.815104,0.849972,0.863146,9.88446e-05,0.85467,0.0961956,9.88446e-05,9.88446e-05,9.88446e-05,0.866728,0.841898
542,0.815414,0.849653,0.863263,9.88446e-05,0.825451,0.126254,9.88446e-05,9.88446e-05,9.88446e-05,0.866697,0.841974
543,0.816163,0.849346,0.863465,9.88446e-05,0.789225,0.164082,9.88446e-05,9.88446e-05,9.88446e-05,0.866954,0.843002
544,0.816289,0.849036,0.863581,9.88446e-05,0.74771,0.207406,9.88446e-05,9.88446e-05,9.88446e-05,0.867018,0.843077
545,0.816314,0.848782,0.863884,9.88446e-05,0.711859,0.254347,9.88446e-05,9.88446e-05,9.88446e-05,0.867178,0.843152
546,0.816692,0.848713,0.864,9.88446e-05,0.669306,0.307772,9.88446e-05,9.88446e-05,9.88446e-05,0.867243,0.843227
547,0.817089,0.848731,0.864303,9.88446e-05,0.629947,0.371003,9.88446e-05,9.88446e-05,9.88446e-05,0.867787,0.843301
548,0.817366,0.848723,0.86442,9.88446e-05,0.588531,0.444603,9.88446e-05,9.88446e-05,9.88446e-05,0.868139,0.844329
549,0.817627,0.848723,0.864637,9.88446e-05,0.549368,0.515929,9.88446e-05,9.88446e-05,9.88446e-05,0.868586,0.844403
550,0.817854,0.848732,0.86494,9.88446e-05,0.516196,0.573052,9.88446e-05,9.88446e-05,9.88446e-05,0.868938,0.84543
551,0.818307,0.848749,0.865157,9.88446e-05,0.481136,0.6382,9.88446e-05,9.88446e-05,9.88446e-05,0.869385,0.845503
552,0.818655,0.848776,0.86546,9.88446e-05,0.451394,0.68609,9.88446e-05,9.88446e-05,9.88446e-05,0.86964,0.845577
553,0.818554,0.848794,0.865677,9.88446e-05,0.419684,0.734257,9.88446e-05,9.88446e-05,9.88446e-05,0.869703,0.84565
554,0.819185,0.848829,0.865894,9.88446e-05,0.384604,0.772619,9.88446e-05,9.88446e-05,9.88446e-05,0.869958,0.845723
555,0.819437,0.848855,0.866297,9.88446e-05,0.349228,0.811425,9.88446e-05,9.88446e-05,9.88446e-05,0.870116,0.846749
556,0.819714,0.848891,0.866514,9.88446e-05,0.307515,0.842324,9.88446e-05,9.88446e-05,9.88446e-05,0.870178,0.846821
557,0.819945,0.848952,0.866731,9.88446e-05,0.264251,0.864693,9.88446e-05,9.88446e-05,9.88446e-05,0.870048,0.84594
558,0.820223,0.848996,0.867135,9.88446e-05,0.21902,0.88887,9.88446e-05,9.88446e-05,9.88446e-05,0.869917,0.846012
559,0.8204,0.849057,0.867452,9.88446e-05,0.175647,0.912731,9.88446e-05,9.88446e-05,9.88446e-05,0.86969,0.846083
560,0.820576,0.849119,0.867669,9.88446e-05,0.133816,0.921489,9.88446e-05,9.88446e-05,9.88446e-05,0.869463,0.845201
561,0.821481,0.849181,0.867986,9.88446e-05,0.0935475,0.932579,9.88446e-05,9.88446e-05,9.88446e-05,0.869139,0.845272
562,0.821203,0.849251,0.86839,9.88446e-05,0.0619479,0.936938,9.88446e-05,9.88446e-05,9.88446e-05,0.868815,0.844388
563,0.821481,0.84933,0.868707,9.88446e-05,0.0377873,0.941001,9.88446e-05,9.88446e-05,9.88446e-05,0.868395,0.844459
564,0.821894,0.849409,0.869024,9.88446e-05,0.0215303,0.945379,9.88446e-05,9.88446e-05,9.88446e-05,0.868166,0.844529
565,0.821945,0.849497,0.869342,9.88446e-05,0.0114007,0.942226,9.88446e-05,9.88446e-05,9.88446e-05,0.86813,0.843645
566,0.822522,0.849584,0.869745,9.88446e-05,0.00582116,0.946773,9.88446e-05,9.88446e-05,9.88446e-05,0.86819,0.843714
567,0.822597,0.84969,0.870163,9.88446e-05,0.00307258,0.943096,9.88446e-05,9.88446e-05,9.88446e-05,0.868153,0.843784
568,0.823028,0.849778,0.87048,9.88446e-05,0.00226077,0.946684,9.88446e-05,9.88446e-05,9.88446e-05,0.867635,0.843853
569,0.823154,0.849883,0.870797,9.88446e-05,0.00122656,0.954789,9.88446e-05,9.88446e-05,9.88446e-05,0.866636,0.842013
570,0.82363,0.849988,0.871214,9.88446e-05,0.000691645,0.948661,9.88446e-05,9.88446e-05,9.88446e-05,0.866791,0.842081
571,0.823639,0.850111,0.871618,9.88446e-05,2.60959e-14,0.957004,9.88446e-05,9.88446e-05,9.88446e-05,0.867619,0.843104
572,0.823994,0.850225,0.872035,9.88446e-05,0.00042351,0.957636,9.88446e-05,9.88446e-05,9.88446e-05,0.867293,0.843172
573,0.824196,0.850339,0.872452,9.88446e-05,0.000624718,0.953574,9.88446e-05,9.88446e-05,9.88446e-05,0.86764,0.84324
574,0.824729,0.850471,0.872769,9.88446e-05,0.000104489,0.958219,9.88446e-05,9.88446e-05,9.88446e-05,0.868179,0.844263
575,0.82556,0.850602,0.873186,9.88446e-05,0.000165723,0.957221,9.88446e-05,9.88446e-05,9.88446e-05,0.868718,0.844331
576,0.825789,0.850734,0.873603,9.88446e-05,0.000334174,0.960246,9.88446e-05,9.88446e-05,9.88446e-05,0.869546,0.845353
577,0.826068,0.850866,0.874107,9.88446e-05,0.000308751,0.959208,9.88446e-05,9.88446e-05,9.88446e-05,0.870277,0.846375
578,0.826432,0.851015,0.874524,9.88446e-05,0.000291087,0.9573,9.88446e-05,9.88446e-05,9.88446e-05,0.871201,0.847398
579,0.826174,0.851155,0.874941,9.88446e-05,0.000582481,0.957102,9.88446e-05,9.88446e-05,9.88446e-05,0.872028,0.84842
580,0.824854,0.851295,0.875358,9.88446e-05,0.000268976,0.952941,9.88446e-05,9.88446e-05,9.88446e-05,0.872759,0.849442
581,0.825032,0.851462,0.875774,9.88446e-05,0.000353122,0.9539,9.88446e-05,9.88446e-05,9.88446e-05,0.873587,0.850464
582,0.825615,0.851611,0.876191,9.88446e-05,0.000531527,0.958348,9.88446e-05,9.88446e-05,9.88446e-05,0.874414,0.851486
583,0.825691,0.851769,0.876708,9.88446e-05,0.000234301,0.95475,9.88446e-05,9.88446e-05,9.88446e-05,0.875048,0.852508
584,0.826016,0.851917,0.877124,9.88446e-05,1.68036e-05,0.95045,9.88446e-05,9.88446e-05,9.88446e-05,0.875586,0.852575
585,0.825772,0.852127,0.877628,9.88446e-05,0.000103826,0.953672,9.88446e-05,9.88446e-05,9.88446e-05,0.876028,0.853596
586,0.825416,0.85254,0.878144,9.88446e-05,0.000212842,0.952911,9.88446e-05,9.88446e-05,9.88446e-05,0.876277,0.853662
587,0.82496,0.852992,0.87856,9.88446e-05,0,0.951765,9.88446e-05,9.88446e-05,9.88446e-05,0.876044,0.853728
588,0.825056,0.853449,0.879077,9.88446e-05,1.16677e-14,0.953069,9.88446e-05,9.88446e-05,9.88446e-05,0.87427,0.850925
589,0.825335,0.853928,0.879493,9.88446e-05,0.000178177,0.961293,9.88446e-05,9.88446e-05,9.88446e-05,0.869894,0.846209
590,0.825716,0.854281,0.880009,9.88446e-05,1.72099e-14,0.95305,9.88446e-05,9.88446e-05,9.88446e-05,0.86966,0.845317
591,0.826046,0.85428,0.880526,9.88446e-05,0.000260999,0.950025,9.88446e-05,9.88446e-05,9.88446e-05,0.87222,0.849206
592,0.826884,0.854152,0.880941,9.88446e-05,0,0.95042,9.88446e-05,9.88446e-05,9.88446e-05,0.869962,0.846401
593,0.82732,0.854045,0.881457,9.88446e-05,9.65174e-15,0.948888,9.88446e-05,9.88446e-05,9.88446e-05,0.872811,0.849334
594,0.827447,0.853925,0.882061,9.88446e-05,0.000144877,0.950005,9.88446e-05,9.88446e-05,9.88446e-05,0.871613,0.848441
595,0.828031,0.853933,0.882577,9.88446e-05,0.000122261,0.950895,9.88446e-05,9.88446e-05,9.88446e-05,0.870125,0.846591
596,0.828286,0.854303,0.882992,9.88446e-05,0.000212318,0.958219,9.88446e-05,9.88446e-05,9.88446e-05,0.873649,0.850481
597,0.829069,0.854791,0.883507,9.88446e-05,0.000229586,0.95988,9.88446e-05,9.88446e-05,9.88446e-05,0.872932,0.849587
598,0.829502,0.855258,0.884023,9.88446e-05,0.000211122,0.955165,9.88446e-05,9.88446e-05,9.88446e-05,0.873564,0.850607
599,0.829451,0.855756,0.884538,9.88446e-05,0.000198262,0.95559,9.88446e-05,9.88446e-05,9.88446e-05,0.874196,0.85067
600,0.829359,0.856126,0.885054,9.88446e-05,9.88446e-05,0.955205,9.88446e-05,9.88446e-05,9.88446e-05,0.874828,0.851689
601,0.829206,0.856125,0.885569,9.88446e-05,9.88446e-05,0.949472,9.88446e-05,9.88446e-05,9.88446e-05,0.875556,0.852708
602,0.829226,0.856022,0.886172,9.88446e-05,9.88446e-05,0.950934,9.88446e-05,9.88446e-05,9.88446e-05,0.875995,0.852771
603,0.829939,0.855924,0.886687,9.88446e-05,9.88446e-05,0.949333,9.88446e-05,9.88446e-05,9.88446e-05,0.876626,0.85379
604,0.830704,0.855823,0.887202,9.88446e-05,9.88446e-05,0.950579,9.88446e-05,9.88446e-05,9.88446e-05,0.877258,0.854809
605,0.831214,0.855777,0.887717,9.88446e-05,9.88446e-05,0.956064,9.88446e-05,9.88446e-05,9.88446e-05,0.877986,0.855828
606,0.831443,0.855918,0.888332,9.88446e-05,9.88446e-05,0.952901,9.88446e-05,9.88446e-05,9.88446e-05,0.878713,0.856847
607,0.832315,0.856112,0.888846,9.88446e-05,9.88446e-05,0.952269,9.88446e-05,9.88446e-05,9.88446e-05,0.879634,0.857866
608,0.832825,0.856314,0.88936,9.88446e-05,9.88446e-05,0.954928,9.88446e-05,9.88446e-05,9.88446e-05,0.880554,0.858885
609,0.833157,0.856508,0.889875,9.88446e-05,9.88446e-05,0.948463,9.88446e-05,9.88446e-05,9.88446e-05,0.881571,0.859904
610,0.833438,0.856701,0.890578,9.88446e-05,9.88446e-05,0.951972,9.88446e-05,9.88446e-05,9.88446e-05,0.882684,0.860922
611,0.833894,0.856894,0.891092,9.88446e-05,9.88446e-05,0.946338,9.88446e-05,9.88446e-05,9.88446e-05,0.883605,0.861941
612,0.834328,0.857087,0.891606,9.88446e-05,9.88446e-05,0.946407,9.88446e-05,9.88446e-05,9.88446e-05,0.884621,0.86296
613,0.833996,0.857272,0.89212,9.88446e-05,9.88446e-05,0.956341,9.88446e-05,9.88446e-05,9.88446e-05,0.885542,0.863978
614,0.834158,0.857465,0.892734,9.88446e-05,9.88446e-05,0.955392,9.88446e-05,9.88446e-05,9.88446e-05,0.886558,0.865955
615,0.83444,0.857649,0.893247,9.88446e-05,9.88446e-05,0.951014,9.88446e-05,9.88446e-05,9.88446e-05,0.887478,0.866973
616,0.834537,0.857834,0.893761,9.88446e-05,9.88446e-05,0.95134,9.88446e-05,9.88446e-05,9.88446e-05,0.888302,0.867992
617,0.834512,0.858036,0.894464,9.88446e-05,9.88446e-05,0.95221,9.88446e-05,9.88446e-05,9.88446e-05,0.889125,0.86901
618,0.83464,0.858212,0.894977,9.88446e-05,9.88446e-05,0.950401,9.88446e-05,9.88446e-05,9.88446e-05,0.890045,0.870028
619,0.834588,0.858396,0.89559,9.88446e-05,9.88446e-05,0.95816,9.88446e-05,9.88446e-05,9.88446e-05,0.890772,0.870089
620,0.834716,0.85859,0.896103,9.88446e-05,9.88446e-05,0.950035,9.88446e-05,9.88446e-05,9.88446e-05,0.891498,0.871107
621,0.834486,0.858774,0.896616,9.88446e-05,9.88446e-05,0.946318,9.88446e-05,9.88446e-05,9.88446e-05,0.892225,0.872125
622,0.83487,0.85895,0.897229,9.88446e-05,9.88446e-05,0.954246,9.88446e-05,9.88446e-05,9.88446e-05,0.892951,0.873143
623,0.835202,0.859135,0.897831,9.88446e-05,9.88446e-05,0.954028,9.88446e-05,9.88446e-05,9.88446e-05,0.893581,0.874161
624,0.835074,0.859301,0.898444,9.88446e-05,9.88446e-05,0.953663,9.88446e-05,9.88446e-05,9.88446e-05,0.894211,0.87422
625,0.835305,0.859529,0.898957,9.88446e-05,9.88446e-05,0.956401,9.88446e-05,9.88446e-05,9.88446e-05,0.894937,0.875238
626,0.835407,0.859953,0.899469,9.88446e-05,9.88446e-05,0.9496,9.88446e-05,9.88446e-05,9.88446e-05,0.89547,0.876256
627,0.835433,0.860417,0.900082,9.88446e-05,9.88446e-05,0.942019,9.88446e-05,9.88446e-05,9.88446e-05,0.894555,0.875356
628,0.835509,0.860877,0.900594,9.88446e-05,9.88446e-05,0.960206,9.88446e-05,9.88446e-05,9.88446e-05,0.87568,0.853361
629,0.835893,0.86136,0.901296,9.88446e-05,9.88446e-05,0.944895,9.88446e-05,9.88446e-05,9.88446e-05,0.886737,0.865884
630,0.835509,0.861714,0.901808,9.88446e-05,9.88446e-05,0.952901,9.88446e-05,9.88446e-05,9.88446e-05,0.887752,0.866901
631,0.835381,0.861686,0.902319,9.88446e-05,9.88446e-05,0.950114,9.88446e-05,9.88446e-05,9.88446e-05,0.893498,0.873672
632,0.835535,0.861538,0.902931,9.88446e-05,9.88446e-05,0.95301,9.88446e-05,9.88446e-05,9.88446e-05,0.896928,0.877566
633,0.835765,0.86142,0.903533,9.88446e-05,9.88446e-05,0.952556,9.88446e-05,9.88446e-05,9.88446e-05,0.899489,0.880501
634,0.836021,0.861282,0.904145,9.88446e-05,9.88446e-05,0.945409,9.88446e-05,9.88446e-05,9.88446e-05,0.90089,0.882477
635,0.836047,0.861201,0.904656,9.88446e-05,9.88446e-05,0.95044,9.88446e-05,9.88446e-05,9.88446e-05,0.901616,0.883495
636,0.835945,0.861298,0.905167,9.88446e-05,9.88446e-05,0.95132,9.88446e-05,9.88446e-05,9.88446e-05,0.902534,0.884512
637,0.836073,0.861449,0.905779,9.88446e-05,9.88446e-05,0.945686,9.88446e-05,9.88446e-05,9.88446e-05,0.903259,0.885529
638,0.836073,0.861607,0.90638,9.88446e-05,9.88446e-05,0.947682,9.88446e-05,9.88446e-05,9.88446e-05,0.904274,0.886546
639,0.836252,0.861748,0.906891,9.88446e-05,9.88446e-05,0.946516,9.88446e-05,9.88446e-05,9.88446e-05,0.904999,0.887563
640,0.836636,0.861898,0.907502,9.88446e-05,9.88446e-05,0.946981,9.88446e-05,9.88446e-05,9.88446e-05,0.905724,0.88762
641,0.837225,0.86203,0.908103,9.88446e-05,9.88446e-05,0.944025,9.88446e-05,9.88446e-05,9.88446e-05,0.906449,0.888637
642,0.836943,0.862171,0.908614,9.88446e-05,9.88446e-05,0.949412,9.88446e-05,9.88446e-05,9.88446e-05,0.907174,0.889654
643,0.836713,0.862303,0.909224,9.88446e-05,9.88446e-05,0.948878,9.88446e-05,9.88446e-05,9.88446e-05,0.907802,0.89067
644,0.836533,0.862435,0.909735,9.88446e-05,9.88446e-05,0.948671,9.88446e-05,9.88446e-05,9.88446e-05,0.908334,0.890727
645,0.835817,0.862558,0.910336,9.88446e-05,9.88446e-05,0.950351,9.88446e-05,9.88446e-05,9.88446e-05,0.908672,0.891743
646,0.835945,0.862682,0.910846,9.88446e-05,9.88446e-05,0.95387,9.88446e-05,9.88446e-05,9.88446e-05,0.908043,0.89084
647,0.836713,0.862796,0.911356,9.88446e-05,9.88446e-05,0.960265,9.88446e-05,9.88446e-05,9.88446e-05,0.906061,0.888016
648,0.8372,0.862911,0.911957,9.88446e-05,9.88446e-05,0.954483,9.88446e-05,9.88446e-05,9.88446e-05,0.904466,0.886152
649,0.837097,0.863035,0.912567,9.88446e-05,9.88446e-05,0.946447,9.88446e-05,9.88446e-05,9.88446e-05,0.90635,0.889088
650,0.836943,0.863092,0.913077,9.88446e-05,9.88446e-05,0.950727,9.88446e-05,9.88446e-05,9.88446e-05,0.908814,0.892024
651,0.83761,0.862966,0.913586,9.88446e-05,9.88446e-05,0.955827,9.88446e-05,9.88446e-05,9.88446e-05,0.910311,0.89304
652,0.837687,0.862782,0.914187,9.88446e-05,9.88446e-05,0.956924,9.88446e-05,9.88446e-05,9.88446e-05,0.906781,0.889254
653,0.838071,0.862582,0.914696,9.88446e-05,9.88446e-05,0.946882,9.88446e-05,9.88446e-05,9.88446e-05,0.911856,0.895072
654,0.838635,0.862384,0.915206,9.88446e-05,9.88446e-05,0.950915,9.88446e-05,9.88446e-05,9.88446e-05,0.912483,0.896088
655,0.838533,0.862228,0.915806,9.88446e-05,9.88446e-05,0.955076,9.88446e-05,9.88446e-05,9.88446e-05,0.911466,0.895182
656,0.838687,0.862274,0.916315,9.88446e-05,9.88446e-05,0.9462,9.88446e-05,9.88446e-05,9.88446e-05,0.912673,0.896198
657,0.839251,0.862354,0.916724,9.88446e-05,9.88446e-05,0.948819,9.88446e-05,9.88446e-05,9.88446e-05,0.913977,0.898174
658,0.839431,0.862433,0.917325,9.88446e-05,9.88446e-05,0.95216,9.88446e-05,9.88446e-05,9.88446e-05,0.915184,0.89919
659,0.839277,0.862504,0.917834,9.88446e-05,9.88446e-05,0.948493,9.88446e-05,9.88446e-05,9.88446e-05,0.916488,0.901166
660,0.839816,0.862574,0.918434,9.88446e-05,9.88446e-05,0.944727,0.000810526,9.88446e-05,9.88446e-05,0.917501,0.902181
661,0.83997,0.862636,0.918943,9.88446e-05,9.88446e-05,0.941623,0.000958793,9.88446e-05,9.88446e-05,0.918418,0.903197
662,0.840278,0.862706,0.919351,9.88446e-05,9.88446e-05,0.947386,0.00100821,9.88446e-05,9.88446e-05,0.919238,0.904212
663,0.840767,0.862759,0.919952,9.88446e-05,9.88446e-05,0.94622,0.00111694,9.88446e-05,9.88446e-05,0.919768,0.904267
664,0.84033,0.862822,0.92036,9.88446e-05,9.88446e-05,0.944648,0.0012059,9.88446e-05,9.88446e-05,0.920297,0.905282
665,0.840972,0.862821,0.92096,9.88446e-05,9.88446e-05,0.942572,0.00136406,9.88446e-05,9.88446e-05,0.920924,0.906297
666,0.840689,0.862629,0.921368,9.88446e-05,9.88446e-05,0.944134,0.00158151,9.88446e-05,9.88446e-05,0.92155,0.906351
667,0.841049,0.862385,0.921876,9.88446e-05,9.88446e-05,0.945903,0.00202631,9.88446e-05,9.88446e-05,0.922079,0.907366
668,0.841178,0.862141,0.922377,9.88446e-05,9.88446e-05,0.940566,0.00239204,9.88446e-05,9.88446e-05,0.922802,0.908381
669,0.841358,0.86187,0.922885,9.88446e-05,9.88446e-05,0.943284,0.0034991,9.88446e-05,9.88446e-05,0.923332,0.908435
670,0.841126,0.861671,0.923385,9.88446e-05,9.88446e-05,0.94444,0.00508061,9.88446e-05,9.88446e-05,0.923861,0.90945
671,0.841846,0.861646,0.923792,9.88446e-05,9.88446e-05,0.946842,0.00804595,9.88446e-05,9.88446e-05,0.92439,0.910464
672,0.841641,0.861673,0.9242,9.88446e-05,9.88446e-05,0.942246,0.0131463,9.88446e-05,9.88446e-05,0.925016,0.910518
673,0.842155,0.8617,0.9247,9.88446e-05,9.88446e-05,0.940981,0.0210144,9.88446e-05,9.88446e-05,0.925448,0.911532
674,0.842104,0.861717,0.925107,9.88446e-05,9.88446e-05,0.937531,0.031136,9.88446e-05,9.88446e-05,0.926073,0.911585
675,0.842129,0.861726,0.925607,9.88446e-05,9.88446e-05,0.940012,0.0427503,9.88446e-05,9.88446e-05,0.926505,0.9126
676,0.842387,0.861726,0.926015,9.88446e-05,9.88446e-05,0.933162,0.0546907,9.88446e-05,9.88446e-05,0.926937,0.912653
677,0.842644,0.861744,0.926515,9.88446e-05,9.88446e-05,0.921429,0.0682423,9.88446e-05,9.88446e-05,0.927466,0.913667
678,0.842515,0.861744,0.926922,9.88446e-05,9.88446e-05,0.906059,0.0811613,9.88446e-05,9.88446e-05,0.927897,0.914682
679,0.842876,0.861735,0.927422,9.88446e-05,9.88446e-05,0.89225,0.0951873,9.88446e-05,9.88446e-05,0.928426,0.914734
680,0.842824,0.861726,0.927829,9.88446e-05,9.88446e-05,0.879411,0.114235,9.88446e-05,9.88446e-05,0.928761,0.914786
681,0.842953,0.861726,0.928229,9.88446e-05,9.88446e-05,0.859839,0.134537,9.88446e-05,9.88446e-05,0.929192,0.9158
682,0.843416,0.861709,0.928635,9.88446e-05,9.88446e-05,0.837253,0.159268,9.88446e-05,9.88446e-05,0.929526,0.915853
683,0.843648,0.861691,0.929035,9.88446e-05,9.88446e-05,0.805761,0.185996,9.88446e-05,9.88446e-05,0.929861,0.916867
684,0.843442,0.861683,0.929442,9.88446e-05,9.88446e-05,0.77511,0.215185,9.88446e-05,9.88446e-05,0.930195,0.916918
685,0.843622,0.861615,0.929842,9.88446e-05,9.88446e-05,0.7417,0.244917,9.88446e-05,9.88446e-05,0.930529,0.91697
686,0.843622,0.861343,0.930148,9.88446e-05,9.88446e-05,0.701856,0.277061,9.88446e-05,9.88446e-05,0.925924,0.91221
687,0.844421,0.861009,0.930648,9.88446e-05,9.88446e-05,0.657475,0.313248,9.88446e-05,9.88446e-05,0.781179,0.758293
688,0.844344,0.8607,0.930955,9.88446e-05,9.88446e-05,0.614438,0.349603,9.88446e-05,9.88446e-05,0.788964,0.766034
689,0.844395,0.860366,0.931354,9.88446e-05,9.88446e-05,0.569236,0.385445,9.88446e-05,9.88446e-05,0.823482,0.801686
690,0.84473,0.860086,0.931661,9.88446e-05,9.88446e-05,0.519211,0.424854,9.88446e-05,9.88446e-05,0.840083,0.820017
691,0.844601,0.860009,0.93206,9.88446e-05,9.88446e-05,0.474256,0.465558,9.88446e-05,9.88446e-05,0.870247,0.852788
692,0.844962,0.859966,0.93246,9.88446e-05,9.88446e-05,0.425348,0.511343,9.88446e-05,9.88446e-05,0.893536,0.8769
693,0.844911,0.859913,0.932666,9.88446e-05,9.88446e-05,0.381026,0.557889,9.88446e-05,9.88446e-05,0.911596,0.8962
694,0.845169,0.85986,0.933066,9.88446e-05,9.88446e-05,0.330418,0.609041,9.88446e-05,9.88446e-05,0.914641,0.899138
695,0.845633,0.859808,0.933372,9.88446e-05,9.88446e-05,0.281391,0.656368,9.88446e-05,9.88446e-05,0.918946,0.904
696,0.845091,0.859764,0.933672,9.88446e-05,9.88446e-05,0.234973,0.70836,9.88446e-05,9.88446e-05,0.920635,0.905975
697,0.845375,0.859703,0.933978,9.88446e-05,9.88446e-05,0.193538,0.756043,9.88446e-05,9.88446e-05,0.931335,0.918541
698,0.845504,0.859632,0.934278,9.88446e-05,9.88446e-05,0.144155,0.80929,9.88446e-05,9.88446e-05,0.931958,0.918591
699,0.84602,0.859571,0.934577,9.88446e-05,9.88446e-05,0.110222,0.852288,9.88446e-05,9.88446e-05,0.92512,0.910938
700,0.845323,0.85951,0.934783,9.88446e-05,9.88446e-05,0.0778698,0.887921,9.88446e-05,9.88446e-05,0.926906,0.912913
701,0.845814,0.859439,0.935083,9.88446e-05,9.88446e-05,0.0498374,0.918237,9.88446e-05,9.88446e-05,0.926754,0.912962
702,0.846407,0.859369,0.935289,9.88446e-05,9.88446e-05,0.0345956,0.939666,9.88446e-05,9.88446e-05,0.927764,0.913974
703,0.846149,0.859299,0.935588,9.88446e-05,9.88446e-05,0.0182368,0.953386,9.88446e-05,9.88446e-05,0.929163,0.915949
704,0.846097,0.85922,0.935888,9.88446e-05,9.88446e-05,0.00987458,0.960404,9.88446e-05,9.88446e-05,0.932305,0.919851
705,0.84651,0.85915,0.936094,9.88446e-05,9.88446e-05,0.00637548,0.964456,9.88446e-05,9.88446e-05,0.932831,0.9199
706,0.846149,0.859071,0.936293,9.88446e-05,9.88446e-05,0.00425032,0.965356,9.88446e-05,9.88446e-05,0.933357,0.920912
707,0.846201,0.858992,0.936593,9.88446e-05,9.88446e-05,0.0034991,0.9667,9.88446e-05,9.88446e-05,0.93524,0.922887
708,0.846665,0.858913,0.936699,9.88446e-05,9.88446e-05,0.000622721,0.967827,9.88446e-05,9.88446e-05,0.935572,0.922936
709,0.846459,0.858826,0.936998,9.88446e-05,9.88446e-05,0.0011466,0.968173,9.88446e-05,9.88446e-05,0.936873,0.924911
710,0.846898,0.858747,0.937198,9.88446e-05,9.88446e-05,0.000780872,0.966582,9.88446e-05,9.88446e-05,0.936914,0.92496
711,0.846717,0.85865,0.937304,9.88446e-05,9.88446e-05,0.000593068,0.968578,9.88446e-05,9.88446e-05,0.93744,0.925008
712,0.847078,0.858571,0.937504,9.88446e-05,9.88446e-05,0.000316303,0.968647,9.88446e-05,9.88446e-05,0.938353,0.926984
713,0.847182,0.858475,0.937703,9.88446e-05,9.88446e-05,0.00055353,0.968697,9.88446e-05,9.88446e-05,0.937812,0.926068
714,0.847853,0.858388,0.937809,9.88446e-05,9.88446e-05,0.000504107,0.970674,9.88446e-05,9.88446e-05,0.937853,0.926116
715,0.847828,0.85825,0.938009,9.88446e-05,9.88446e-05,1.58559e-14,0.970852,9.88446e-05,9.88446e-05,0.936148,0.924237
716,0.847595,0.857919,0.938108,9.88446e-05,9.88446e-05,0.000168036,0.967639,9.88446e-05,9.88446e-05,0.934248,0.921393
717,0.847647,0.857529,0.938214,9.88446e-05,9.88446e-05,0.000602952,0.970555,9.88446e-05,9.88446e-05,0.910432,0.893489
718,0.848034,0.857148,0.938314,9.88446e-05,9.88446e-05,0.000428748,0.970525,9.88446e-05,9.88446e-05,0.886807,0.867509
719,0.847853,0.856768,0.938513,9.88446e-05,9.88446e-05,0.000368542,0.96927,9.88446e-05,9.88446e-05,0.865993,0.845383
720,0.84571,0.856378,0.938613,9.88446e-05,9.88446e-05,3.46472e-15,0.970832,9.88446e-05,9.88446e-05,0.870006,0.849282
721,0.845917,0.856009,0.938619,9.88446e-05,9.88446e-05,3.62809e-05,0.968529,9.88446e-05,9.88446e-05,0.900305,0.883067
722,0.845917,0.855615,0.938719,9.88446e-05,9.88446e-05,3.49791e-05,0.964704,9.88446e-05,9.88446e-05,0.927891,0.913962
723,0.846072,0.855239,0.938819,9.88446e-05,9.88446e-05,3.36862e-05,0.963171,9.88446e-05,9.88446e-05,0.912022,0.896654
724,0.846304,0.854839,0.938824,9.88446e-05,9.88446e-05,3.11103e-05,0.960147,9.88446e-05,9.88446e-05,0.889263,0.870666
725,0.846304,0.854501,0.938924,9.88446e-05,9.88446e-05,2.85424e-05,0.959139,9.88446e-05,9.88446e-05,0.894927,0.876495
726,0.846459,0.854346,0.939024,9.88446e-05,9.88446e-05,2.64498e-05,0.957982,9.88446e-05,9.88446e-05,0.905345,0.888111
727,0.846355,0.854251,0.939024,9.88446e-05,9.88446e-05,2.43523e-05,0.958239,9.88446e-05,9.88446e-05,0.903637,0.887191
728,0.846175,0.854146,0.93903,9.88446e-05,9.88446e-05,2.3524e-05,0.957132,9.88446e-05,9.88446e-05,0.895912,0.877591
729,0.84651,0.854032,0.939129,9.88446e-05,9.88446e-05,2.26977e-05,0.95647,9.88446e-05,9.88446e-05,0.907884,0.891137
730,0.846588,0.853978,0.939129,9.88446e-05,9.88446e-05,2.14265e-05,0.956934,9.88446e-05,9.88446e-05,0.916363,0.900826
731,0.846562,0.854097,0.939229,9.88446e-05,9.88446e-05,2.01554e-05,0.956302,9.88446e-05,9.88446e-05,0.914363,0.897977
732,0.846743,0.854296,0.939135,9.88446e-05,9.88446e-05,1.90829e-05,0.957211,9.88446e-05,9.88446e-05,0.922358,0.907667
733,0.846923,0.85447,0.939135,9.88446e-05,9.88446e-05,1.80125e-05,0.957666,9.88446e-05,9.88446e-05,0.935109,0.923146
734,0.847104,0.854654,0.939135,9.88446e-05,9.88446e-05,1.72336e-05,0.959494,9.88446e-05,9.88446e-05,0.937864,0.926085
735,0.847078,0.854781,0.939135,9.88446e-05,9.88446e-05,1.64507e-05,0.958733,9.88446e-05,9.88446e-05,0.938194,0.92613
736,0.847182,0.854718,0.939235,9.88446e-05,9.88446e-05,1.57766e-05,0.963063,9.88446e-05,9.88446e-05,0.937941,0.926175
737,0.847182,0.854603,0.939141,9.88446e-05,9.88446e-05,1.50926e-05,0.967639,9.88446e-05,9.88446e-05,0.93827,0.926221
738,0.847621,0.854498,0.939041,9.88446e-05,9.88446e-05,1.45509e-05,0.969824,9.88446e-05,9.88446e-05,0.942093,0.93109
739,0.84744,0.854385,0.939041,9.88446e-05,9.88446e-05,1.40003e-05,0.974252,9.88446e-05,9.88446e-05,0.942811,0.9321
740,0.847802,0.85428,0.939041,9.88446e-05,9.88446e-05,1.36742e-05,0.974884,9.88446e-05,9.88446e-05,0.943722,0.93311
741,0.847776,0.854175,0.939041,9.88446e-05,9.88446e-05,1.3348e-05,0.97355,9.88446e-05,9.88446e-05,0.945313,0.935085
742,0.847931,0.854062,0.939041,9.88446e-05,9.88446e-05,1.25829e-05,0.976703,9.88446e-05,9.88446e-05,0.946031,0.936095
743,0.847957,0.853957,0.938847,9.88446e-05,9.88446e-05,1.18208e-05,0.975013,9.88446e-05,9.88446e-05,0.946651,0.936139
744,0.847828,0.853861,0.938847,9.88446e-05,9.88446e-05,1.15164e-05,0.972483,9.88446e-05,9.88446e-05,0.947174,0.937149
745,0.848112,0.853756,0.938747,9.88446e-05,9.88446e-05,1.121e-05,0.972868,9.88446e-05,9.88446e-05,0.947406,0.937194
746,0.848215,0.853642,0.938747,9.88446e-05,9.88446e-05,1.09737e-05,0.972651,9.88446e-05,9.88446e-05,0.947637,0.937238
747,0.848112,0.853537,0.938647,9.88446e-05,9.88446e-05,1.07286e-05,0.975557,9.88446e-05,9.88446e-05,0.947772,0.937283
748,0.8485,0.853433,0.938647,9.88446e-05,9.88446e-05,1.02976e-05,0.974163,9.88446e-05,9.88446e-05,0.948003,0.938292
749,0.8485,0.853328,0.938454,9.88446e-05,9.88446e-05,9.8643e-06,0.974321,9.88446e-05,9.88446e-05,0.948332,0.938337
750,0.848603,0.853223,0.938454,9.88446e-05,9.88446e-05,9.70061e-06,0.974469,9.88446e-05,9.88446e-05,0.948563,0.938381
751,0.848681,0.853127,0.938354,9.88446e-05,9.88446e-05,9.53455e-06,0.973461,9.88446e-05,9.88446e-05,0.948892,0.93939
752,0.848732,0.853031,0.938254,9.88446e-05,9.88446e-05,9.38648e-06,0.973866,9.88446e-05,9.88446e-05,0.94922,0.939434
753,0.848784,0.852926,0.938154,9.88446e-05,9.88446e-05,9.24059e-06,0.975329,9.88446e-05,9.88446e-05,0.949548,0.939478
754,0.849095,0.852812,0.938055,9.88446e-05,9.88446e-05,8.99278e-06,0.974321,9.88446e-05,9.88446e-05,0.949876,0.940487
755,0.849069,0.852757,0.938055,9.88446e-05,9.88446e-05,8.74982e-06,0.974983,9.88446e-05,9.88446e-05,0.950107,0.940531
756,0.849172,0.852894,0.937861,9.88446e-05,9.88446e-05,8.3924e-06,0.974667,9.88446e-05,9.88446e-05,0.950435,0.940574
757,0.849301,0.85309,0.937761,9.88446e-05,9.88446e-05,8.03537e-06,0.974548,9.88446e-05,9.88446e-05,0.950666,0.941583
758,0.849276,0.853277,0.937661,9.88446e-05,9.88446e-05,8.12789e-06,0.973965,9.88446e-05,9.88446e-05,0.950703,0.941627
759,0.849146,0.853465,0.937562,9.88446e-05,9.88446e-05,8.22031e-06,0.974193,9.88446e-05,9.88446e-05,0.907025,0.894345
760,0.849353,0.853619,0.937462,9.88446e-05,9.88446e-05,7.98724e-06,0.973273,9.88446e-05,9.88446e-05,0.498849,0.46651
761,0.849276,0.853573,0.937362,9.88446e-05,9.88446e-05,7.7506e-06,0.972186,9.88446e-05,9.88446e-05,0.382093,0.345794
762,0.849431,0.853468,0.937263,9.88446e-05,9.88446e-05,7.99257e-06,0.972295,9.88446e-05,9.88446e-05,0.656471,0.6269
763,0.849379,0.85338,0.937163,9.88446e-05,9.88446e-05,8.23623e-06,0.972067,9.88446e-05,9.88446e-05,0.563515,0.529363
764,0.849457,0.853293,0.936963,9.88446e-05,9.88446e-05,7.9817e-06,0.97274,9.88446e-05,9.88446e-05,0.606676,0.573825
765,0.849431,0.853205,0.936864,9.88446e-05,9.88446e-05,7.72905e-06,0.972245,9.88446e-05,9.88446e-05,0.714358,0.687848
766,0.849534,0.853109,0.936764,9.88446e-05,9.88446e-05,7.57357e-06,0.973431,9.88446e-05,9.88446e-05,0.807181,0.786424
767,0.84956,0.85303,0.93657,9.88446e-05,9.88446e-05,7.41512e-06,0.971791,9.88446e-05,9.88446e-05,0.879119,0.863752
768,0.849741,0.852943,0.936471,9.88446e-05,9.88446e-05,7.33585e-06,0.973095,9.88446e-05,9.88446e-05,0.916759,0.904372
769,0.84969,0.852855,0.936371,9.88446e-05,9.88446e-05,7.25529e-06,0.971435,9.88446e-05,9.88446e-05,0.932245,0.920838
770,0.849923,0.852826,0.936171,9.88446e-05,9.88446e-05,6.97774e-06,0.970021,9.88446e-05,9.88446e-05,0.944427,0.934408
771,0.850052,0.852982,0.936072,9.88446e-05,9.88446e-05,6.69524e-06,0.969379,9.88446e-05,9.88446e-05,0.950585,0.941214
772,0.850104,0.853191,0.935972,9.88446e-05,9.88446e-05,6.55033e-06,0.969161,9.88446e-05,9.88446e-05,0.951689,0.942222
773,0.850337,0.853402,0.935872,9.88446e-05,9.88446e-05,6.40612e-06,0.968381,9.88446e-05,9.88446e-05,0.952016,0.942263
774,0.850414,0.853619,0.935673,9.88446e-05,9.88446e-05,6.53264e-06,0.966532,9.88446e-05,9.88446e-05,0.95244,0.943271
775,0.85057,0.853783,0.935573,9.88446e-05,9.88446e-05,6.66193e-06,0.968262,0,9.88446e-05,0.952669,0.943313
776,0.850673,0.853755,0.935473,9.88446e-05,9.88446e-05,6.68219e-06,0.96759,0,9.88446e-05,0.952704,0.943354
777,0.850803,0.853684,0.935274,9.88446e-05,9.88446e-05,6.70305e-06,0.968301,1.17925e-14,9.88446e-05,0.952836,0.943396
778,0.850725,0.853614,0.935174,9.88446e-05,9.88446e-05,6.39663e-06,0.968914,0.000108729,9.88446e-05,0.95287,0.943437
779,0.850932,0.853553,0.935074,9.88446e-05,9.88446e-05,6.0914e-06,0.969853,0.000148267,9.88446e-05,0.953002,0.943478
780,0.851114,0.853474,0.934975,9.88446e-05,9.88446e-05,6.21021e-06,0.968578,0.000187805,9.88446e-05,0.953134,0.944486
781,0.851088,0.853421,0.934775,9.88446e-05,9.88446e-05,6.33248e-06,0.970496,4.94223e-05,9.88446e-05,0.953363,0.944527
782,0.851269,0.853351,0.934676,9.88446e-05,9.88446e-05,6.3051e-06,0.969063,4.94223e-05,9.88446e-05,0.953592,0.944567
783,0.851243,0.853299,0.934576,9.88446e-05,9.88446e-05,6.27643e-06,0.969705,9.88446e-05,9.88446e-05,0.953723,0.944608
784,0.851347,0.853237,0.934376,9.88446e-05,9.88446e-05,6.03407e-06,0.968687,4.94223e-05,9.88446e-05,0.954049,0.944649
785,0.851425,0.853185,0.934277,9.88446e-05,9.88446e-05,5.79022e-06,0.9693,5.93068e-05,9.88446e-05,0.953986,0.944689
786,0.851451,0.853132,0.934177,9.88446e-05,9.88446e-05,5.91842e-06,0.970812,0.000128498,9.88446e-05,0.953923,0.94473
787,0.851684,0.853089,0.934077,9.88446e-05,9.88446e-05,6.04741e-06,0.969013,0.000168036,9.88446e-05,0.952595,0.943803
788,0.851658,0.853036,0.933978,9.88446e-05,9.88446e-05,5.79981e-06,0.970338,5.93068e-05,9.88446e-05,0.951948,0.942876
789,0.851839,0.852984,0.933778,9.88446e-05,9.88446e-05,5.55022e-06,0.972147,0.000128498,9.88446e-05,0.949745,0.940015
790,0.851814,0.85294,0.933678,9.88446e-05,9.88446e-05,5.70828e-06,0.971385,0.000227343,9.88446e-05,0.947736,0.93812
791,0.851839,0.852896,0.933579,9.88446e-05,9.88446e-05,5.86633e-06,0.972453,0.000276765,9.88446e-05,0.948548,0.93816
792,0.851943,0.852861,0.933479,9.88446e-05,9.88446e-05,5.95815e-06,0.969932,0.00055353,9.88446e-05,0.95004,0.940134
793,0.852073,0.852808,0.933379,9.88446e-05,9.88446e-05,6.05216e-06,0.969201,0.000494223,9.88446e-05,0.94949,0.940174
794,0.852151,0.852765,0.933279,9.88446e-05,9.88446e-05,6.01904e-06,0.968479,0.000385494,9.88446e-05,0.954581,0.946017
795,0.852306,0.852747,0.93308,9.88446e-05,9.88446e-05,5.98415e-06,0.966868,0.000602952,9.88446e-05,0.953836,0.945089
796,0.852332,0.852712,0.93298,9.88446e-05,9.88446e-05,5.68979e-06,0.966226,0.0010181,9.88446e-05,0.948422,0.938357
797,0.852462,0.852668,0.932881,9.88446e-05,9.88446e-05,5.39286e-06,0.96755,0.0015914,9.88446e-05,0.950108,0.940331
798,0.852384,0.852651,0.932781,9.88446e-05,9.88446e-05,5.55339e-06,0.966226,0.00249088,9.88446e-05,0.953157,0.94424
799,0.852436,0.852616,0.932681,9.88446e-05,9.88446e-05,5.7145e-06,0.964466,0.00408228,9.88446e-05,0.953093,0.944279
800,0.852825,0.852589,0.932581,9.88446e-05,9.88446e-05,5.58452e-06,0.962509,0.00659293,9.88446e-05,0.951569,0.942383
801,0.852721,0.852572,0.932581,9.88446e-05,9.88446e-05,5.45504e-06,0.963409,0.0118218,9.88446e-05,0.950045,0.940486
802,0.852903,0.852546,0.932482,9.88446e-05,9.88446e-05,5.35827e-06,0.962223,0.0195218,9.88446e-05,0.951342,0.941492
803,0.853058,0.852528,0.932382,9.88446e-05,9.88446e-05,5.26249e-06,0.95985,0.0300784,9.88446e-05,0.950791,0.941531
804,0.852955,0.852511,0.932282,9.88446e-05,9.88446e-05,5.34799e-06,0.955125,0.0473564,9.88446e-05,0.951894,0.942537
805,0.853032,0.852493,0.932183,9.88446e-05,9.88446e-05,5.43309e-06,0.948236,0.0671946,9.88446e-05,0.953677,0.944511
806,0.853188,0.852484,0.932083,9.88446e-05,9.88446e-05,5.48182e-06,0.941347,0.0907986,9.88446e-05,0.955364,0.946485
807,0.853058,0.852467,0.932083,9.88446e-05,9.88446e-05,5.53184e-06,0.928991,0.118188,9.88446e-05,0.955202,0.946524
808,0.853214,0.852458,0.931983,9.88446e-05,9.88446e-05,5.44406e-06,0.91455,0.144432,9.88446e-05,0.955137,0.946562
809,0.85324,0.852449,0.932077,9.88446e-05,9.88446e-05,5.3556e-06,0.897301,0.172276,9.88446e-05,0.953806,0.944664
810,0.85324,0.85244,0.931977,9.88446e-05,9.88446e-05,5.36746e-06,0.880162,0.20188,9.88446e-05,0.952476,0.943735
811,0.853448,0.852431,0.931877,9.88446e-05,9.88446e-05,5.38061e-06,0.857576,0.228944,9.88446e-05,0.951437,0.941836
812,0.8535,0.852431,0.931877,9.88446e-05,9.88446e-05,5.20367e-06,0.832776,0.258923,9.88446e-05,0.947576,0.937034
813,0.853707,0.852449,0.931877,9.88446e-05,9.88446e-05,5.02645e-06,0.805593,0.290079,9.88446e-05,0.939626,0.928359
814,0.853578,0.85244,0.931777,9.88446e-05,9.88446e-05,4.95251e-06,0.774447,0.322747,9.88446e-05,0.922527,0.908066
815,0.853707,0.852449,0.931777,9.88446e-05,9.88446e-05,4.87857e-06,0.741236,0.364015,9.88446e-05,0.911656,0.895517
816,0.853863,0.852457,0.931678,9.88446e-05,9.88446e-05,4.97613e-06,0.706521,0.411282,9.88446e-05,0.89251,0.875221
817,0.853915,0.852466,0.931678,9.88446e-05,9.88446e-05,5.07587e-06,0.666618,0.466734,9.88446e-05,0.898185,0.883001
818,0.853889,0.852466,0.931678,9.88446e-05,9.88446e-05,4.88638e-06,0.623265,0.522759,9.88446e-05,0.88371,0.865608
819,0.853967,0.852484,0.931578,9.88446e-05,9.88446e-05,4.69611e-06,0.583084,0.578765,9.88446e-05,0.904767,0.889849
820,0.854201,0.852501,0.931578,9.88446e-05,9.88446e-05,4.61337e-06,0.535935,0.64336,9.88446e-05,0.905673,0.890852
821,0.854019,0.85251,0.931478,9.88446e-05,9.88446e-05,4.52827e-06,0.491623,0.705128,9.88446e-05,0.942211,0.931558
822,0.854279,0.852527,0.931572,9.88446e-05,9.88446e-05,4.67495e-06,0.44744,0.75711,9.88446e-05,0.930948,0.919005
823,0.854434,0.852553,0.931472,9.88446e-05,9.88446e-05,4.82085e-06,0.400993,0.803389,9.88446e-05,0.850654,0.828977
824,0.854279,0.852579,0.931372,9.88446e-05,9.88446e-05,4.59272e-06,0.355406,0.847069,9.88446e-05,0.916209,0.901645
825,0.854331,0.852606,0.931372,9.88446e-05,9.88446e-05,4.36261e-06,0.31483,0.88803,9.88446e-05,0.93727,0.925892
826,0.854486,0.852623,0.931272,9.88446e-05,9.88446e-05,4.62365e-06,0.273809,0.915341,9.88446e-05,0.928926,0.916243
827,0.854538,0.852649,0.931173,9.88446e-05,9.88446e-05,4.88292e-06,0.23352,0.939716,9.88446e-05,0.942102,0.931775
828,0.854564,0.852684,0.931073,9.88446e-05,9.88446e-05,5.07073e-06,0.198005,0.962213,9.88446e-05,0.90951,0.895004
829,0.854564,0.852719,0.930774,9.88446e-05,9.88446e-05,5.25606e-06,0.163884,0.969409,9.88446e-05,0.917135,0.903756
830,0.854642,0.852745,0.930375,9.88446e-05,9.88446e-05,2.56265e-06,0.129071,0.973896,9.88446e-05,0.92963,0.917353
831,0.854694,0.85278,0.929969,9.88446e-05,9.88446e-05,9.75871e-19,0.101958,0.975774,9.88446e-05,0.939009,0.928044
832,0.855058,0.852824,0.92947,9.88446e-05,9.88446e-05,8.08272e-09,0.0746376,0.971494,9.88446e-05,0.928228,0.915485
833,0.85485,0.852868,0.929071,9.88446e-05,9.88446e-05,1.46666e-07,0.0522196,0.983039,9.88446e-05,0.944035,0.933927
834,0.854902,0.852921,0.928573,9.88446e-05,9.88446e-05,1.31266e-07,0.034734,0.972334,9.88446e-05,0.943773,0.932994
835,0.854902,0.852906,0.928074,9.88446e-05,9.88446e-05,1.14887e-07,0.0220325,0.979461,9.88446e-05,0.952666,0.943687
836,0.85498,0.852715,0.927475,9.88446e-05,9.88446e-05,3.22105e-07,0.0133737,0.978285,9.88446e-05,0.951527,0.941785
837,0.855162,0.852472,0.926977,9.88446e-05,9.88446e-05,5.28028e-07,0.00774942,0.979076,9.88446e-05,0.954674,0.945696
838,0.855006,0.852244,0.926378,9.88446e-05,9.88446e-05,1.29457e-06,0.00430962,0.973076,9.88446e-05,0.955581,0.946701
839,0.855188,0.852001,0.92578,9.88446e-05,9.88446e-05,2.06299e-06,0.00263915,0.974232,9.88446e-05,0.957462,0.949643
840,0.855266,0.851769,0.925274,9.88446e-05,9.88446e-05,6.93187e-06,0.00141348,0.97869,9.88446e-05,0.958466,0.950648
841,0.855292,0.851539,0.924675,9.88446e-05,9.88446e-05,1.1803e-05,0.000751219,0.983642,9.88446e-05,0.957132,0.948745
842,0.855396,0.851309,0.924077,9.88446e-05,9.88446e-05,2.51905e-05,0.000425032,0.981665,9.88446e-05,0.958623,0.950719
843,0.85537,0.851088,0.923379,9.88446e-05,9.88446e-05,3.85771e-05,0.000227343,0.985748,9.88446e-05,0.959724,0.951724
844,0.855552,0.85083,0.92268,9.88446e-05,9.88446e-05,5.22878e-05,5.93068e-05,0.970644,9.88446e-05,0.959267,0.951759
845,0.855422,0.850718,0.921982,9.88446e-05,9.88446e-05,6.59936e-05,0,0.976634,9.88446e-05,0.960563,0.952763
846,0.855578,0.850952,0.921376,9.88446e-05,9.88446e-05,7.1517e-05,0,0.975715,9.88446e-05,0.960982,0.953768
847,0.85563,0.851315,0.920678,9.88446e-05,9.88446e-05,7.70355e-05,0,0.974499,9.88446e-05,0.961304,0.953803
848,0.855682,0.851667,0.919879,9.88446e-05,9.88446e-05,7.07619e-05,0,0.985411,9.88446e-05,0.960846,0.952869
849,0.85589,0.85203,0.919081,9.88446e-05,9.88446e-05,6.44862e-05,0,0.973076,9.88446e-05,0.960583,0.952904
850,0.855864,0.852273,0.918283,9.88446e-05,9.88446e-05,5.01211e-05,1.23611e-14,0.969507,9.88446e-05,0.960807,0.952938
851,0.855942,0.852161,0.917385,9.88446e-05,9.88446e-05,3.57798e-05,9.88446e-05,0.97784,9.88446e-05,0.960252,0.952973
852,0.855942,0.851938,0.916579,9.88446e-05,9.88446e-05,2.51075e-05,9.88446e-05,0.978987,9.88446e-05,0.960281,0.953008
853,0.855942,0.851716,0.915681,9.88446e-05,9.88446e-05,1.44353e-05,9.88446e-05,0.972443,9.88446e-05,0.96109,0.954012
854,0.856176,0.851502,0.914783,9.88446e-05,9.88446e-05,1.02808e-05,9.88446e-05,0.982832,9.88446e-05,0.960924,0.953077
855,0.856176,0.851381,0.913785,9.88446e-05,9.88446e-05,6.12609e-06,9.88446e-05,0.973975,9.88446e-05,0.961343,0.954081
856,0.856072,0.851642,0.912787,9.88446e-05,9.88446e-05,4.9447e-06,9.88446e-05,0.978305,9.88446e-05,0.961761,0.954116
857,0.856332,0.852013,0.91179,9.88446e-05,9.88446e-05,3.76262e-06,9.88446e-05,0.974163,9.88446e-05,0.961985,0.95415
858,0.85615,0.852375,0.910692,9.88446e-05,9.88446e-05,3.66516e-06,9.88446e-05,0.97528,9.88446e-05,0.962111,0.955154
859,0.856306,0.852755,0.909686,9.88446e-05,9.88446e-05,3.56661e-06,9.88446e-05,0.983138,9.88446e-05,0.962335,0.955188
860,0.85641,0.853025,0.908588,9.88446e-05,9.88446e-05,3.49999e-06,9.88446e-05,0.977959,9.88446e-05,0.962656,0.955222
861,0.856436,0.852921,0.90739,9.88446e-05,9.88446e-05,3.43455e-06,9.88446e-05,0.974608,9.88446e-05,0.962782,0.955256
862,0.856592,0.852698,0.906193,9.88446e-05,9.88446e-05,4.13872e-06,9.88446e-05,0.979095,9.88446e-05,0.963006,0.95529
863,0.8568,0.852503,0.904996,9.88446e-05,9.88446e-05,4.84675e-06,9.88446e-05,0.972492,9.88446e-05,0.963132,0.956294
864,0.85654,0.852288,0.903789,9.88446e-05,9.88446e-05,4.69472e-06,9.88446e-05,0.983415,9.88446e-05,0.963258,0.956328
865,0.856852,0.852185,0.902491,9.88446e-05,9.88446e-05,4.5428e-06,9.88446e-05,0.981715,9.88446e-05,0.963481,0.956362
866,0.856826,0.852454,0.901194,9.88446e-05,9.88446e-05,4.33631e-06,9.88446e-05,0.980647,9.88446e-05,0.963509,0.956395
867,0.856722,0.852852,0.899797,9.88446e-05,9.88446e-05,4.13022e-06,9.88446e-05,0.981863,9.88446e-05,0.963635,0.956429
868,0.857035,0.853214,0.8984,9.88446e-05,9.88446e-05,3.64697e-06,9.88446e-05,0.983346,9.88446e-05,0.963858,0.956463
869,0.856905,0.853623,0.896992,9.88446e-05,9.88446e-05,3.16411e-06,9.88446e-05,0.977385,9.88446e-05,0.963886,0.956496
870,0.856983,0.8538,0.895495,9.88446e-05,9.88446e-05,2.59576e-06,9.88446e-05,0.971188,9.88446e-05,0.964012,0.9575
871,0.857165,0.85324,0.893898,9.88446e-05,9.88446e-05,2.02651e-06,9.88446e-05,0.977445,9.88446e-05,0.964137,0.957533
872,0.857009,0.85245,0.892401,9.88446e-05,9.88446e-05,1.53595e-06,9.88446e-05,0.982268,9.88446e-05,0.964263,0.957566
873,0.856931,0.851687,0.890704,9.88446e-05,9.88446e-05,1.0438e-06,9.88446e-05,0.981379,9.88446e-05,0.964291,0.957599
874,0.857061,0.8509,0.889008,9.88446e-05,9.88446e-05,1.11872e-06,9.88446e-05,0.982229,9.88446e-05,0.964416,0.957632
875,0.856905,0.850289,0.887311,9.88446e-05,9.88446e-05,1.19375e-06,9.88446e-05,0.978176,9.88446e-05,0.964444,0.957666
876,0.856983,0.850234,0.885614,9.88446e-05,9.88446e-05,9.40338e-07,9.88446e-05,0.979253,9.88446e-05,0.964569,0.957699
877,0.857217,0.850359,0.883818,9.88446e-05,9.88446e-05,6.8699e-07,9.88446e-05,0.985817,9.88446e-05,0.964597,0.957731
878,0.857165,0.850446,0.881921,9.88446e-05,9.88446e-05,6.39198e-07,9.88446e-05,0.978562,9.88446e-05,0.964624,0.957764
879,0.857295,0.850531,0.880025,9.88446e-05,9.88446e-05,5.91456e-07,9.88446e-05,0.979797,9.88446e-05,0.964554,0.957797
880,0.857347,0.85073,0.878117,9.88446e-05,9.88446e-05,5.94392e-07,9.88446e-05,0.974064,0.000929139,0.964582,0.95783
881,0.857503,0.851296,0.87612,9.88446e-05,9.88446e-05,5.96883e-07,9.88446e-05,0.987062,0.000919255,0.964414,0.957862
882,0.857607,0.851987,0.874124,9.88446e-05,9.88446e-05,8.94741e-07,9.88446e-05,0.976268,0.000929139,0.964344,0.956924
883,0.857738,0.852651,0.872115,9.88446e-05,9.88446e-05,1.19187e-06,9.88446e-05,0.978512,0.000958793,0.964566,0.957927
884,0.857946,0.853307,0.869919,9.88446e-05,9.88446e-05,1.40883e-06,9.88446e-05,0.981547,0.000919255,0.964496,0.95796
885,0.857998,0.854017,0.867809,9.88446e-05,9.88446e-05,1.62659e-06,9.88446e-05,0.975774,0.000948908,0.96462,0.957992
886,0.858259,0.854911,0.865613,9.88446e-05,9.88446e-05,2.14256e-06,9.88446e-05,0.974628,0.000978562,0.963282,0.956083
887,0.858128,0.855879,0.863403,9.88446e-05,9.88446e-05,2.65932e-06,9.88446e-05,0.976288,0.000978562,0.963991,0.957086
888,0.858311,0.856833,0.861007,9.88446e-05,9.88446e-05,2.90732e-06,9.88446e-05,0.980608,0.000968677,0.96314,0.956147
889,0.858467,0.857851,0.85861,9.88446e-05,9.88446e-05,3.15393e-06,9.88446e-05,0.983553,0.00099833,0.964728,0.958121
890,0.858311,0.858455,0.856028,9.88446e-05,9.88446e-05,3.3283e-06,9.88446e-05,0.970654,0.000988446,0.963779,0.957182
891,0.858702,0.857769,0.853532,9.88446e-05,9.88446e-05,3.50365e-06,9.88446e-05,0.981655,0.000988446,0.964001,0.957214
892,0.859197,0.856668,0.850936,9.88446e-05,9.88446e-05,3.33284e-06,9.88446e-05,0.977534,0.00100821,0.962174,0.955304
893,0.858597,0.855624,0.84834,9.88446e-05,9.88446e-05,3.16164e-06,9.88446e-05,0.977128,0.00104775,0.956347,0.947569
894,0.858884,0.854506,0.845645,9.88446e-05,9.88446e-05,2.82953e-06,9.88446e-05,0.975112,0.00106752,0.954714,0.945658
895,0.858441,0.853923,0.842934,9.88446e-05,9.88446e-05,2.49741e-06,9.88446e-05,0.982308,0.00107741,0.939519,0.928213
896,0.85878,0.854991,0.840222,9.88446e-05,9.88446e-05,1.77812e-06,9.88446e-05,0.977069,0.00109718,0.915835,0.902027
897,0.85891,0.856595,0.83741,9.88446e-05,9.88446e-05,1.05892e-06,9.88446e-05,0.979333,0.00116637,0.896442,0.880695
898,0.858806,0.858119,0.834514,9.88446e-05,9.88446e-05,1.04943e-06,9.88446e-05,0.977672,0.00116637,0.911884,0.898202
899,0.859119,0.859726,0.831418,9.88446e-05,9.88446e-05,1.03965e-06,9.88446e-05,0.976328,0.0012751,0.832379,0.811807
900,0.859119,0.86085,0.828422,9.88446e-05,9.88446e-05,8.38963e-07,9.88446e-05,0.975596,0.00134429,0.882073,0.866215
901,0.858988,0.860488,0.825243,9.88446e-05,9.88446e-05,6.37637e-07,9.88446e-05,0.976268,0.00143325,0.878095,0.859445
902,0.859379,0.859658,0.821965,9.88446e-05,9.88446e-05,6.63376e-07,9.88446e-05,0.978413,0.0016507,0.883779,0.868213
903,0.859119,0.858911,0.818752,9.88446e-05,9.88446e-05,6.87998e-07,9.88446e-05,0.973837,0.00184839,0.890244,0.87504
904,0.859145,0.858132,0.815538,9.88446e-05,9.88446e-05,5.66854e-07,9.88446e-05,0.967521,0.00213504,0.941506,0.931399
905,0.859145,0.857474,0.812224,9.88446e-05,9.88446e-05,4.46066e-07,9.88446e-05,0.971751,0.00259961,0.934504,0.922688
906,0.859171,0.857194,0.808809,9.88446e-05,9.88446e-05,6.76265e-07,9.88446e-05,0.967471,0.00321245,0.930333,0.917861
907,0.859145,0.857017,0.805313,9.88446e-05,9.88446e-05,9.07522e-07,9.88446e-05,0.97609,0.00416136,0.885753,0.869325
908,0.859197,0.856829,0.801717,9.88446e-05,9.88446e-05,7.65907e-07,9.88446e-05,0.965613,0.00561437,0.875332,0.857697
909,0.859093,0.856632,0.797961,9.88446e-05,9.88446e-05,6.24075e-07,9.88446e-05,0.960305,0.00760115,0.881017,0.863552
910,0.859067,0.856495,0.794166,9.88446e-05,9.88446e-05,6.73675e-07,9.88446e-05,0.952575,0.0109718,0.890118,0.873294
911,0.859093,0.856532,0.790371,9.88446e-05,9.88446e-05,7.22643e-07,9.88446e-05,0.936009,0.0157163,0.895804,0.87915
912,0.85904,0.856638,0.786634,9.88446e-05,9.88446e-05,1.05615e-06,9.88446e-05,0.915271,0.0232482,0.890654,0.874321
913,0.859093,0.856743,0.782895,9.88446e-05,9.88446e-05,1.38946e-06,9.88446e-05,0.897123,0.0344078,0.881306,0.862691
914,0.859171,0.856849,0.778898,9.88446e-05,9.88446e-05,1.4968e-06,9.88446e-05,0.869467,0.0474849,0.876741,0.858832
915,0.859145,0.856886,0.774724,9.88446e-05,9.88446e-05,1.60514e-06,9.88446e-05,0.84609,0.0660677,0.89951,0.883148
916,0.859145,0.856742,0.770551,9.88446e-05,9.88446e-05,2.06526e-06,9.88446e-05,0.825926,0.0874972,0.869074,0.84917
917,0.859301,0.856548,0.766279,9.88446e-05,9.88446e-05,2.52528e-06,9.88446e-05,0.808934,0.110202,0.915569,0.900693
918,0.859171,0.856357,0.762061,9.88446e-05,9.88446e-05,2.8147e-06,9.88446e-05,0.780161,0.1352,0.874978,0.856025
919,0.859379,0.856159,0.757917,9.88446e-05,9.88446e-05,3.10678e-06,9.88446e-05,0.764326,0.158369,0.922939,0.909494
920,0.859379,0.855919,0.753672,9.88446e-05,9.88446e-05,3.25021e-06,9.88446e-05,0.728445,0.189011,0.929212,0.917296
921,0.859953,0.855484,0.749275,9.88446e-05,9.88446e-05,3.39432e-06,9.88446e-05,0.684736,0.219919,0.941246,0.929958
922,0.859536,0.854982,0.744629,9.88446e-05,9.88446e-05,3.44127e-06,9.88446e-05,0.63909,0.249751,0.930334,0.917353
923,0.859588,0.854515,0.739885,9.88446e-05,9.88446e-05,3.48744e-06,9.88446e-05,0.585911,0.283901,0.93856,0.9271
924,0.859562,0.854083,0.735364,9.88446e-05,9.88446e-05,3.18458e-06,9.88446e-05,0.536153,0.320415,0.930285,0.91741
925,0.859745,0.853387,0.730815,9.88446e-05,9.88446e-05,2.87994e-06,9.88446e-05,0.489943,0.360397,0.925524,0.911607
926,0.859588,0.85197,0.726337,9.88446e-05,9.88446e-05,2.46874e-06,9.88446e-05,0.441914,0.4089,0.93336,0.921354
927,0.85964,0.850314,0.721467,9.88446e-05,9.88446e-05,2.05785e-06,9.88446e-05,0.387026,0.46193,0.939829,0.928186
928,0.859771,0.848708,0.716526,9.88446e-05,9.88446e-05,1.88457e-06,9.88446e-05,0.342585,0.50988,0.888192,0.869898
929,0.859692,0.847135,0.711488,9.88446e-05,9.88446e-05,1.71041e-06,9.88446e-05,0.293114,0.563434,0.874249,0.8534
930,0.859901,0.845272,0.706663,9.88446e-05,9.88446e-05,1.70092e-06,9.88446e-05,0.245599,0.613281,0.821827,0.79705
931,0.860084,0.842511,0.701949,9.88446e-05,9.88446e-05,1.69054e-06,9.88446e-05,0.199419,0.665007,0.758366,0.731947
932,0.859901,0.839463,0.697021,9.88446e-05,9.88446e-05,1.54969e-06,9.88446e-05,0.147684,0.716653,0.659741,0.627958
933,0.860058,0.83647,0.691785,9.88446e-05,9.88446e-05,1.40765e-06,9.88446e-05,0.103915,0.765423,0.642471,0.608535
934,0.860162,0.833446,0.686482,9.88446e-05,9.88446e-05,1.02383e-06,9.88446e-05,0.0700709,0.806167,0.555949,0.521062
935,0.859953,0.830623,0.681286,9.88446e-05,9.88446e-05,6.39357e-07,9.88446e-05,0.0444405,0.839813,0.607438,0.575518
936,0.860423,0.828346,0.676362,9.88446e-05,9.88446e-05,6.78143e-07,9.88446e-05,0.0256502,0.869872,0.607648,0.575536
937,0.860266,0.826233,0.671366,9.88446e-05,9.88446e-05,7.16159e-07,9.88446e-05,0.0154692,0.894296,0.603659,0.570692
938,0.860345,0.8241,0.665934,9.88446e-05,9.88446e-05,9.04359e-07,9.88446e-05,0.00893555,0.913522,0.646166,0.612516
939,0.860579,0.821874,0.660437,9.88446e-05,9.88446e-05,1.09194e-06,9.88446e-05,0.00524865,0.927172,0.736833,0.710734
940,0.860292,0.82024,0.654976,9.88446e-05,9.88446e-05,9.04201e-07,9.88446e-05,0.00327176,0.936671,0.812168,0.786595
941,0.860527,0.820357,0.64984,9.88446e-05,9.88446e-05,7.16109e-07,9.88446e-05,0.00187805,0.942879,0.76432,0.736057
942,0.860501,0.821071,0.644636,9.88446e-05,9.88446e-05,1.1636e-06,9.88446e-05,0.00134429,0.947623,0.782412,0.757471
943,0.860397,0.821681,0.639008,9.88446e-05,9.88446e-05,1.61314e-06,9.88446e-05,0.000899486,0.949758,0.661486,0.632055
944,0.860579,0.82224,0.633256,9.88446e-05,9.88446e-05,2.10282e-06,9.88446e-05,0.000405263,0.953821,0.667755,0.638881
945,0.860606,0.823079,0.627823,9.88446e-05,9.88446e-05,2.59171e-06,9.88446e-05,0.000415147,0.954829,0.716426,0.687522
946,0.860606,0.824806,0.622538,9.88446e-05,9.88446e-05,2.95792e-06,9.88446e-05,0.000237227,0.957201,0.685472,0.655451
947,0.860449,0.826841,0.617062,9.88446e-05,9.88446e-05,3.32128e-06,9.88446e-05,0,0.95813,0.748312,0.718683
948,0.86071,0.828819,0.611155,9.88446e-05,9.88446e-05,3.54101e-06,9.88446e-05,0,0.96071,0.682965,0.651599
949,0.860606,0.830802,0.605337,9.88446e-05,9.88446e-05,3.75975e-06,9.88446e-05,1.60447e-14,0.960829,0.792904,0.767353
950,0.860579,0.832742,0.59992,9.88446e-05,9.88446e-05,4.39493e-06,9.88446e-05,0.000108729,0.962302,0.684073,0.651637
951,0.860762,0.83451,0.594459,9.88446e-05,9.88446e-05,5.02951e-06,9.88446e-05,8.89601e-05,0.963231,0.812974,0.789769
952,0.860606,0.836213,0.588541,9.88446e-05,9.88446e-05,5.11224e-06,9.88446e-05,0,0.963409,0.710881,0.681828
953,0.860788,0.837931,0.58255,9.88446e-05,9.88446e-05,5.19596e-06,9.88446e-05,7.33798e-15,0.964743,0.739139,0.710055
954,0.860867,0.839669,0.576869,9.88446e-05,9.88446e-05,5.30746e-06,9.88446e-05,4.94223e-05,0.965267,0.777854,0.751902
955,0.860579,0.841304,0.571414,9.88446e-05,9.88446e-05,5.41718e-06,9.88446e-05,0,0.965465,0.772302,0.746087
956,0.860762,0.842559,0.565613,9.88446e-05,9.88446e-05,5.68801e-06,9.88446e-05,0,0.967145,0.746815,0.717899
957,0.860736,0.843698,0.559532,9.88446e-05,9.88446e-05,5.95776e-06,9.88446e-05,0,0.968469,0.759146,0.732511
958,0.860736,0.844853,0.553578,9.88446e-05,9.88446e-05,6.52236e-06,9.88446e-05,4.4365e-15,0.969626,0.821711,0.798684
959,0.860971,0.846027,0.54801,9.88446e-05,9.88446e-05,7.08538e-06,9.88446e-05,2.96534e-05,0.970575,0.773158,0.745201
960,0.860997,0.847138,0.542263,9.88446e-05,9.88446e-05,7.69792e-06,9.88446e-05,0,0.97185,0.786469,0.757869
961,0.860971,0.848059,0.536093,9.88446e-05,9.88446e-05,8.31194e-06,9.88446e-05,0,0.972917,0.831837,0.808482
962,0.861964,0.848926,0.529988,9.88446e-05,9.88446e-05,9.27933e-06,9.88446e-05,0,0.973916,0.831759,0.808505
963,0.861232,0.849798,0.524457,9.88446e-05,9.88446e-05,1.02512e-05,9.88446e-05,0,0.974815,0.825817,0.80269
964,0.861546,0.850681,0.518659,9.88446e-05,9.88446e-05,1.13553e-05,9.88446e-05,0,0.975398,0.844799,0.824119
965,0.861572,0.851507,0.512349,9.88446e-05,9.88446e-05,1.24554e-05,9.88446e-05,0,0.976258,0.860556,0.840684
966,0.861441,0.852133,0.506348,9.88446e-05,9.88446e-05,1.4375e-05,9.88446e-05,0,0.977109,0.867712,0.847519
967,0.861781,0.85272,0.5007,9.88446e-05,9.88446e-05,1.62916e-05,9.88446e-05,0,0.977939,0.851603,0.831
968,0.861964,0.853318,0.494847,9.88446e-05,9.88446e-05,1.90819e-05,9.88446e-05,0,0.977889,0.930901,0.919576
969,0.861859,0.853898,0.488551,9.88446e-05,9.88446e-05,2.18624e-05,9.88446e-05,0,0.978156,0.925839,0.913763
970,0.86212,0.854419,0.482552,9.88446e-05,9.88446e-05,2.47141e-05,9.88446e-05,0,0.978166,0.928696,0.916708
971,0.86212,0.854773,0.476934,9.88446e-05,9.88446e-05,2.75628e-05,9.88446e-05,0,0.978562,0.93517,0.924519
972,0.861807,0.855055,0.470935,9.88446e-05,9.88446e-05,3.03601e-05,9.88446e-05,0,0.979253,0.923558,0.91092
973,0.861885,0.855343,0.464561,9.88446e-05,9.88446e-05,3.31624e-05,9.88446e-05,0,0.979708,0.911652,0.89732
974,0.86165,0.855638,0.458746,9.88446e-05,9.88446e-05,3.30863e-05,9.88446e-05,0,0.979392,0.901897,0.886639
975,0.861572,0.855922,0.453062,9.88446e-05,9.88446e-05,3.3024e-05,9.88446e-05,1.51704e-14,0.979095,0.885688,0.869145
976,0.861676,0.856218,0.446834,9.88446e-05,9.88446e-05,3.28747e-05,9.88446e-05,9.88446e-05,0.979777,0.886588,0.869169
977,0.86165,0.856498,0.440756,9.88446e-05,9.88446e-05,3.27314e-05,9.88446e-05,9.88446e-05,0.979372,0.91995,0.90618
978,0.861676,0.856768,0.435061,9.88446e-05,9.88446e-05,3.30655e-05,9.88446e-05,9.88446e-05,0.979827,0.922415,0.909125
979,0.861964,0.857036,0.4291,9.88446e-05,9.88446e-05,3.34006e-05,9.88446e-05,9.88446e-05,0.979362,0.917059,0.90331
980,0.861859,0.857319,0.4229,9.88446e-05,9.88446e-05,3.34856e-05,9.88446e-05,9.88446e-05,0.979155,0.919818,0.906255
981,0.862068,0.857589,0.416983,9.88446e-05,9.88446e-05,3.35755e-05,9.88446e-05,9.88446e-05,0.978562,0.947315,0.93743
982,0.862068,0.85786,0.411452,9.88446e-05,9.88446e-05,3.32167e-05,9.88446e-05,9.88446e-05,0.978354,0.949977,0.940376
983,0.862146,0.858134,0.405202,9.88446e-05,9.88446e-05,3.2854e-05,9.88446e-05,9.88446e-05,0.978878,0.94286,0.932614
984,0.862329,0.858424,0.3991,9.88446e-05,9.88446e-05,3.22609e-05,9.88446e-05,9.88446e-05,0.978453,0.962244,0.95503
985,0.862408,0.858584,0.393475,9.88446e-05,9.88446e-05,3.16599e-05,9.88446e-05,9.88446e-05,0.978512,0.953074,0.944347
986,0.862329,0.858372,0.387649,9.88446e-05,9.88446e-05,3.10234e-05,9.88446e-05,9.88446e-05,0.977642,0.965808,0.958977
987,0.862539,0.858047,0.381576,9.88446e-05,9.88446e-05,3.03779e-05,9.88446e-05,9.88446e-05,0.978334,0.965341,0.959003
988,0.862565,0.857729,0.375788,9.88446e-05,9.88446e-05,2.9856e-05,9.88446e-05,9.88446e-05,0.977148,0.965754,0.959029
989,0.862539,0.857396,0.370207,9.88446e-05,9.88446e-05,2.93371e-05,9.88446e-05,9.88446e-05,0.977168,0.969101,0.962949
990,0.862643,0.857133,0.364046,9.88446e-05,9.88446e-05,2.88804e-05,9.88446e-05,9.88446e-05,0.97696,0.966776,0.960054
991,0.862695,0.857048,0.358136,9.88446e-05,9.88446e-05,2.84277e-05,9.88446e-05,9.88446e-05,0.97696,0.968753,0.963001
992,0.862617,0.857014,0.352723,9.88446e-05,9.88446e-05,2.76874e-05,9.88446e-05,9.88446e-05,0.977494,0.969558,0.964001
993,0.862774,0.856979,0.346877,9.88446e-05,9.88446e-05,2.695e-05,9.88446e-05,9.88446e-05,0.977039,0.968014,0.962079
994,0.862722,0.856925,0.340902,9.88446e-05,9.88446e-05,2.6178e-05,9.88446e-05,9.88446e-05,0.976802,0.970383,0.965026
995,0.862774,0.856914,0.335402,9.88446e-05,9.88446e-05,2.54001e-05,9.88446e-05,9.88446e-05,0.976931,0.970992,0.965052
996,0.862957,0.857107,0.329696,9.88446e-05,9.88446e-05,2.4894e-05,9.88446e-05,9.88446e-05,0.976733,0.970915,0.965078
997,0.862774,0.857352,0.323897,9.88446e-05,9.88446e-05,2.43899e-05,9.88446e-05,9.88446e-05,0.977662,0.971035,0.965103
998,0.862878,0.857582,0.318418,9.88446e-05,9.88446e-05,2.39421e-05,9.88446e-05,9.88446e-05,0.977939,0.970861,0.965129
999,0.862852,0.857827,0.312875,9.88446e-05,9.88446e-05,2.34924e-05,9.88446e-05,9.88446e-05,0.977959,0.970784,0.965154
1000,0.862695,0.857993,0.306961,9.88446e-05,9.88446e-05,2.34795e-05,9.88446e-05,9.88446e-05,0.978285,0.97061,0.96518
1001,0.862905,0.857983,0.301641,9.88446e-05,9.88446e-05,2.34538e-05,9.88446e-05,9.88446e-05,0.978235,0.971316,0.965205
1002,0.862826,0.857912,0.296285,9.88446e-05,9.88446e-05,2.45214e-05,9.88446e-05,9.88446e-05,0.978987,0.967718,0.961335
1003,0.862852,0.857841,0.290574,9.88446e-05,9.88446e-05,2.55879e-05,9.88446e-05,9.88446e-05,0.979155,0.970772,0.965256
1004,0.862905,0.857781,0.285128,9.88446e-05,9.88446e-05,2.73167e-05,9.88446e-05,9.88446e-05,0.979807,0.970597,0.965281
1005,0.863035,0.857651,0.279863,9.88446e-05,9.88446e-05,2.90485e-05,9.88446e-05,9.88446e-05,0.979451,0.970912,0.965307
1006,0.862748,0.857354,0.274264,9.88446e-05,9.88446e-05,3.17706e-05,9.88446e-05,9.88446e-05,0.98038,0.971129,0.965332
1007,0.863035,0.85696,0.269042,9.88446e-05,9.88446e-05,3.44889e-05,9.88446e-05,9.88446e-05,0.980262,0.971443,0.966331
1008,0.863061,0.856607,0.263869,9.88446e-05,9.88446e-05,3.80581e-05,9.88446e-05,9.88446e-05,0.979995,0.970779,0.965382
1009,0.862852,0.856212,0.258355,9.88446e-05,9.88446e-05,4.16274e-05,9.88446e-05,9.88446e-05,0.979412,0.969431,0.963459
1010,0.863088,0.855948,0.253202,9.88446e-05,9.88446e-05,4.40323e-05,9.88446e-05,9.88446e-05,0.980212,0.969354,0.963484
1011,0.862826,0.856037,0.248172,9.88446e-05,9.88446e-05,4.64411e-05,9.88446e-05,9.88446e-05,0.980311,0.971723,0.966431
1012,0.862983,0.856257,0.242894,9.88446e-05,9.88446e-05,4.74118e-05,9.88446e-05,9.88446e-05,0.979748,0.971059,0.965482
1013,0.86314,0.856434,0.237814,9.88446e-05,9.88446e-05,4.83755e-05,9.88446e-05,9.88446e-05,0.979688,0.971863,0.966481
1014,0.862852,0.856635,0.232825,9.88446e-05,9.88446e-05,4.54942e-05,9.88446e-05,9.88446e-05,0.97954,0.971883,0.966506
1015,0.863009,0.856775,0.227659,9.88446e-05,9.88446e-05,4.2605e-05,9.88446e-05,9.88446e-05,0.979372,0.971806,0.966531
1016,0.863166,0.856711,0.222867,9.88446e-05,9.88446e-05,3.81698e-05,9.88446e-05,9.88446e-05,0.979392,0.971827,0.966556
1017,0.862905,0.856596,0.218005,9.88446e-05,9.88446e-05,3.37317e-05,9.88446e-05,9.88446e-05,0.979728,0.971848,0.96658
1018,0.863192,0.856491,0.212928,9.88446e-05,9.88446e-05,2.90346e-05,9.88446e-05,9.88446e-05,0.979738,0.972456,0.966605
1019,0.863088,0.856377,0.20827,9.88446e-05,9.88446e-05,2.43286e-05,9.88446e-05,9.88446e-05,0.979421,0.971302,0.965655
1020,0.863009,0.856263,0.203585,9.88446e-05,9.88446e-05,2.13633e-05,9.88446e-05,9.88446e-05,0.979728,0.971812,0.966654
1021,0.863192,0.856132,0.198759,9.88446e-05,9.88446e-05,1.8389e-05,9.88446e-05,9.88446e-05,0.980726,0.972419,0.966679
1022,0.863192,0.856018,0.194171,9.88446e-05,9.88446e-05,1.58072e-05,9.88446e-05,9.88446e-05,0.979866,0.972048,0.966703
1023,0.863271,0.855896,0.189527,9.88446e-05,9.88446e-05,1.32244e-05,9.88446e-05,9.88446e-05,0.979846,0.97158,0.965753
1024,0.863349,0.855774,0.184985,9.88446e-05,9.88446e-05,1.16221e-05,9.88446e-05,9.88446e-05,0.979471,0.970719,0.964803
1025,0.863323,0.855601,0.180588,9.88446e-05,9.88446e-05,1.00189e-05,9.88446e-05,9.88446e-05,0.979619,0.972305,0.966776
1026,0.863349,0.855234,0.174392,9.88446e-05,9.88446e-05,9.06593e-06,9.88446e-05,9.88446e-05,0.980183,0.972326,0.9668
1027,0.863428,0.854797,0.168268,9.88446e-05,9.88446e-05,8.11277e-06,9.88446e-05,9.88446e-05,0.980637,0.972346,0.966825
1028,0.863375,0.854375,0.162492,9.88446e-05,9.88446e-05,7.74003e-06,9.88446e-05,9.88446e-05,0.980064,0.972268,0.966849
1029,0.863349,0.853929,0.156556,9.88446e-05,9.88446e-05,7.36382e-06,9.88446e-05,9.88446e-05,0.980499,0.972387,0.966873
1030,0.86348,0.853595,0.150996,9.88446e-05,9.88446e-05,6.95817e-06,9.88446e-05,9.88446e-05,0.980914,0.972896,0.967872
1031,0.863349,0.853632,0.145418,9.88446e-05,9.88446e-05,6.55083e-06,9.88446e-05,9.88446e-05,0.980538,0.972818,0.967896
1032,0.863218,0.853798,0.140054,9.88446e-05,9.88446e-05,6.87405e-06,9.88446e-05,9.88446e-05,0.980519,0.972936,0.96792
1033,0.863454,0.853922,0.134815,9.88446e-05,9.88446e-05,7.19905e-06,9.88446e-05,9.88446e-05,0.980301,0.973054,0.967944
1034,0.863244,0.85407,0.129668,9.88446e-05,9.88446e-05,7.246e-06,9.88446e-05,9.88446e-05,0.98036,0.973074,0.967968
1035,0.86348,0.85413,0.124649,9.88446e-05,9.88446e-05,7.28841e-06,9.88446e-05,9.88446e-05,0.980815,0.973192,0.967992
1036,0.863428,0.854023,0.119915,9.88446e-05,9.88446e-05,7.59008e-06,9.88446e-05,9.88446e-05,0.980173,0.973114,0.968015
1037,0.863349,0.853839,0.115126,9.88446e-05,9.88446e-05,7.8878e-06,9.88446e-05,9.88446e-05,0.98041,0.972939,0.968039
1038,0.863375,0.853681,0.110566,9.88446e-05,9.88446e-05,8.4008e-06,9.88446e-05,9.88446e-05,0.979945,0.973056,0.968063
1039,0.863454,0.853506,0.10617,9.88446e-05,9.88446e-05,8.91519e-06,9.88446e-05,9.88446e-05,0.979599,0.973076,0.968087
1040,0.863166,0.853332,0.101732,9.88446e-05,9.88446e-05,9.274e-06,9.88446e-05,9.88446e-05,0.97954,0.973096,0.96811
1041,0.863035,0.853148,0.0975656,9.88446e-05,9.88446e-05,9.63537e-06,9.88446e-05,9.88446e-05,0.979797,0.973018,0.968134
1042,0.863035,0.852973,0.0933305,9.88446e-05,9.88446e-05,1.00041e-05,9.88446e-05,9.88446e-05,0.979886,0.973136,0.968157
1043,0.862591,0.85279,0.0893427,9.88446e-05,9.88446e-05,1.03718e-05,9.88446e-05,9.88446e-05,0.979145,0.973057,0.968181
1044,0.862486,0.852616,0.0853534,9.88446e-05,9.88446e-05,1.04756e-05,9.88446e-05,9.88446e-05,0.97955,0.973077,0.968204
1045,0.862434,0.852373,0.0814977,9.88446e-05,9.88446e-05,1.05754e-05,9.88446e-05,9.88446e-05,0.97783,0.972999,0.967253
1046,0.862094,0.851946,0.0777474,9.88446e-05,9.88446e-05,1.06297e-05,9.88446e-05,9.88446e-05,0.978957,0.972822,0.967276
1047,0.862512,0.85145,0.0741184,9.88446e-05,9.88446e-05,1.06802e-05,9.88446e-05,9.88446e-05,0.978443,0.972744,0.9673
1048,0.862382,0.850968,0.0705987,9.88446e-05,9.88446e-05,1.06218e-05,9.88446e-05,9.88446e-05,0.97868,0.972666,0.967323
1049,0.862565,0.850472,0.0671273,9.88446e-05,9.88446e-05,1.05615e-05,9.88446e-05,9.88446e-05,0.978265,0.972195,0.966371
1050,0.863035,0.850046,0.0637955,9.88446e-05,9.88446e-05,1.09589e-05,9.88446e-05,9.88446e-05,0.978413,0.971823,0.966394
1051,0.862826,0.849778,0.0606089,9.88446e-05,9.88446e-05,1.13572e-05,9.88446e-05,9.88446e-05,0.978057,0.97194,0.966417
1052,0.863061,0.849579,0.0573974,9.88446e-05,9.88446e-05,1.11566e-05,9.88446e-05,9.88446e-05,0.977741,0.971568,0.96644
1053,0.863375,0.84937,0.0543923,9.88446e-05,9.88446e-05,1.09549e-05,9.88446e-05,9.88446e-05,0.976861,0.971196,0.965488
1054,0.863009,0.849152,0.0515028,9.88446e-05,9.88446e-05,1.07879e-05,9.88446e-05,9.88446e-05,0.978502,0.970921,0.965511
1055,0.863742,0.848926,0.0486729,9.88446e-05,9.88446e-05,1.06228e-05,9.88446e-05,9.88446e-05,0.979708,0.970451,0.964559
1056,0.863454,0.848717,0.0459918,9.88446e-05,9.88446e-05,1.05358e-05,9.88446e-05,9.88446e-05,0.978225,0.969784,0.963606
1057,0.86348,0.848482,0.0433779,9.88446e-05,9.88446e-05,1.04469e-05,9.88446e-05,9.88446e-05,0.979056,0.969118,0.962654
1058,0.863794,0.848255,0.0408734,9.88446e-05,9.88446e-05,1.05438e-05,9.88446e-05,9.88446e-05,0.977642,0.968353,0.961701
1059,0.863506,0.84802,0.0384768,9.88446e-05,9.88446e-05,1.06475e-05,9.88446e-05,9.88446e-05,0.977267,0.967589,0.961724
1060,0.863637,0.847777,0.0362652,9.88446e-05,9.88446e-05,1.04854e-05,9.88446e-05,9.88446e-05,0.978225,0.967118,0.960771
1061,0.863715,0.84755,0.034068,9.88446e-05,9.88446e-05,1.03243e-05,9.88446e-05,9.88446e-05,0.977603,0.966745,0.959818
1062,0.863428,0.847307,0.0319542,9.88446e-05,9.88446e-05,1.0775e-05,9.88446e-05,9.88446e-05,0.977652,0.966176,0.959841
1063,0.86382,0.847063,0.030063,9.88446e-05,9.88446e-05,1.12139e-05,9.88446e-05,9.88446e-05,0.977316,0.965705,0.958887
1064,0.863715,0.84682,0.0281562,9.88446e-05,9.88446e-05,1.17091e-05,9.88446e-05,9.88446e-05,0.978571,0.965136,0.957934
1065,0.863166,0.846559,0.0264475,9.88446e-05,9.88446e-05,1.21964e-05,9.88446e-05,9.88446e-05,0.978305,0.964469,0.957957
1066,0.863742,0.846307,0.0247519,9.88446e-05,9.88446e-05,1.17111e-05,9.88446e-05,9.88446e-05,0.978334,0.964586,0.957979
1067,0.863899,0.846055,0.0232441,9.88446e-05,9.88446e-05,1.12278e-05,9.88446e-05,9.88446e-05,0.979382,0.964703,0.958001
1068,0.863846,0.845795,0.0217434,9.88446e-05,9.88446e-05,1.27243e-05,9.88446e-05,9.88446e-05,0.97873,0.964819,0.958023
1069,0.863925,0.845534,0.0204388,9.88446e-05,9.88446e-05,1.42198e-05,9.88446e-05,9.88446e-05,0.977346,0.966307,0.959997
1070,0.863951,0.845274,0.0192384,9.88446e-05,9.88446e-05,1.43473e-05,9.88446e-05,9.88446e-05,0.979856,0.967012,0.960995
1071,0.864003,0.845004,0.018036,9.88446e-05,9.88446e-05,1.44708e-05,9.88446e-05,9.88446e-05,0.978739,0.96899,0.962968
1072,0.863977,0.844727,0.0170323,9.88446e-05,9.88446e-05,1.42998e-05,9.88446e-05,9.88446e-05,0.979293,0.96891,0.96299
1073,0.86416,0.844449,0.0161338,9.88446e-05,9.88446e-05,1.41298e-05,9.88446e-05,9.88446e-05,0.980479,0.970104,0.963988
1074,0.864003,0.84418,0.0152289,9.88446e-05,9.88446e-05,1.45302e-05,9.88446e-05,9.88446e-05,0.976357,0.970417,0.964986
1075,0.864265,0.843902,0.0144302,9.88446e-05,9.88446e-05,1.49364e-05,9.88446e-05,9.88446e-05,0.97694,0.968966,0.963056
1076,0.86416,0.843625,0.0136272,9.88446e-05,9.88446e-05,1.53427e-05,9.88446e-05,9.88446e-05,0.974736,0.972315,0.966981
1077,0.863977,0.84333,0.0128269,9.88446e-05,9.88446e-05,1.57469e-05,9.88446e-05,9.88446e-05,0.978057,0.97008,0.964076
1078,0.864265,0.843053,0.0121254,9.88446e-05,9.88446e-05,1.74401e-05,9.88446e-05,9.88446e-05,0.97953,0.968923,0.963122
1079,0.864605,0.842768,0.0113249,9.88446e-05,9.88446e-05,1.91324e-05,9.88446e-05,9.88446e-05,0.977741,0.972763,0.967047
1080,0.864186,0.842414,0.0106233,9.88446e-05,9.88446e-05,2.00269e-05,9.88446e-05,9.88446e-05,0.982327,0.969253,0.963166
1081,0.864134,0.841891,0.00992079,9.88446e-05,9.88446e-05,2.09264e-05,9.88446e-05,9.88446e-05,0.974558,0.967606,0.961236
1082,0.864213,0.841307,0.00932139,9.88446e-05,9.88446e-05,2.24308e-05,9.88446e-05,9.88446e-05,0.974015,0.969584,0.964185
1083,0.864213,0.84073,0.00871914,9.88446e-05,9.88446e-05,2.39313e-05,9.88446e-05,9.88446e-05,0.975369,0.968328,0.962255
1084,0.864396,0.840135,0.0080184,9.88446e-05,9.88446e-05,2.6688e-05,9.88446e-05,9.88446e-05,0.977998,0.967758,0.961301
1085,0.864265,0.839592,0.00751725,9.88446e-05,9.88446e-05,2.94349e-05,9.88446e-05,9.88446e-05,0.97696,0.969344,0.963274
1086,0.864291,0.83924,0.00691656,9.88446e-05,9.88446e-05,3.4391e-05,9.88446e-05,9.88446e-05,0.976169,0.956133,0.94768
1087,0.864579,0.83893,0.00641536,9.88446e-05,9.88446e-05,3.93392e-05,9.88446e-05,9.88446e-05,0.975507,0.963011,0.955509
1088,0.864213,0.838611,0.00591475,9.88446e-05,9.88446e-05,4.20673e-05,9.88446e-05,9.88446e-05,0.975082,0.972241,0.967243
1089,0.86437,0.838283,0.0054135,9.88446e-05,9.88446e-05,4.47974e-05,9.88446e-05,9.88446e-05,0.973926,0.965007,0.95848
1090,0.864579,0.837972,0.00491274,9.88446e-05,9.88446e-05,4.75314e-05,9.88446e-05,9.88446e-05,0.975171,0.961398,0.953621
1091,0.864108,0.837644,0.0045117,9.88446e-05,9.88446e-05,5.02803e-05,9.88446e-05,9.88446e-05,0.974904,0.965238,0.958523
1092,0.864789,0.837317,0.00411107,9.88446e-05,9.88446e-05,5.17096e-05,9.88446e-05,9.88446e-05,0.973273,0.959278,0.951711
1093,0.864396,0.83698,0.00370999,9.88446e-05,9.88446e-05,5.31458e-05,9.88446e-05,9.88446e-05,0.97442,0.954199,0.945875
1094,0.864448,0.836653,0.00330891,9.88446e-05,9.88446e-05,5.03109e-05,9.88446e-05,9.88446e-05,0.972532,0.962548,0.955658
1095,0.864867,0.836308,0.0030084,9.88446e-05,9.88446e-05,4.74731e-05,9.88446e-05,9.88446e-05,0.971791,0.955606,0.946893
1096,0.864396,0.835972,0.00270783,9.88446e-05,9.88446e-05,4.40827e-05,9.88446e-05,9.88446e-05,0.972512,0.950037,0.941057
1097,0.86471,0.835628,0.00240696,9.88446e-05,9.88446e-05,4.06983e-05,9.88446e-05,9.88446e-05,0.971119,0.962698,0.955721
1098,0.864841,0.835283,0.00210609,9.88446e-05,9.88446e-05,3.72941e-05,9.88446e-05,9.88446e-05,0.966404,0.950268,0.941098
1099,0.864579,0.957235,0,9.88446e-05,9.88446e-05,3.38859e-05,9.88446e-05,9.88446e-05,0.971435,0.940778,0.929404
1100,0,0,0,0,0,0,0,0,0,0.936384,0
